INSERT INTO Financial_Customers VALUES('FICT001','M/s Recon Engineers(India) Pvt. Ltd. 227,Kamalalaya Centre,156 A Lenin sarani,Kolkata 700013','contractor',true,83);
INSERT INTO Financial_Customers VALUES('FICT002','M/s. Durha Construction Pvt. Ltd 5th Floor, Anushika Shopping Mall Sector 11, Rohini New Delhi-110085','contractor',true,83);
INSERT INTO Financial_Customers VALUES('FICT003','M/s. Vensar Constructions Company Limited, Plot no. 28, 1st Floor, Navodaya Colony, Road No 2, Banjara hills, Hyderabad 500034, Andhra Pradesh','contractor',true,94);
INSERT INTO Financial_Customers VALUES('FICT004','M/s. KMV Projects Limited Regd Off.:- Plot no 8-3-948-949, 4th Floor, Solitaire Plaza, Beside Image Hospital, Ameerpet, Hyderabad 500073','contractor',true,76);
INSERT INTO Financial_Customers VALUES('FICT005','M/s. KCP Projects Ltd. # 1-2—339/1, Street No 6 Gagan Mahal, Domalguda Hyderabad 500029 (AP)','contractor',true,88);
INSERT INTO Financial_Customers VALUES('FICT006','M/s. Centrodorstory (India) Pvt. Ltd 1st Floor, The OPG School, Sector 19-B Dwarka, New Delhi 110075','contractor',true,93);
INSERT INTO Financial_Customers VALUES('FICT007','M/s. Odeon Builders Pvt. Ltd. N-49, 2nd Floor, Connaught Place, New Delhi - 110001','contractor',true,85);
INSERT INTO Financial_Customers VALUES('FICT008','M/s. Vishwa Infrastructures and Services Pvt. Ltd - M/s KCP Projects LTD (JV) 1-11-256/C/24, Plot No 24 Gagan Vihar Colony, Begumpet Hyderabad 500016 (AP)','contractor',true,77);
INSERT INTO Financial_Customers VALUES('FICT009','M/s. Vijay Nirman Company Pvt. Ltd. 10-50-19, Soudamani, Siripuram Visakhapatnam 530001','contractor',true,83);
INSERT INTO Financial_Customers VALUES('FICT0010','M/s. Coastal Projects Pvt. Ltd Flat No 504-505 32-33, Kusal Bazar Building Nehru Place, New Delhi 110019','contractor',true,93);
INSERT INTO Financial_Customers VALUES('FICT0011','M/s. Patel Engineering Ltd. Patel Estate Road, Jogeshwari (W) Mumbai 400102','contractor',true,89);
INSERT INTO Financial_Customers VALUES('FICT0012','M/s. Deepika Infratech Pvt. Ltd 8-2-686/C/D/5, Road No 12 Banjara Hills Hyderabad 500034','contractor',true,94);
INSERT INTO Financial_Customers VALUES('FICT0013','M/s. Gammon India Ltd Gammon house, Veer Savarkar Marg Prabhadevi 400025, Mumbai (M.S.)','contractor',true,85);
INSERT INTO Financial_Customers VALUES('FICT0014','M/s. Ramky Infrastructure Ltd. Ramky House, Rajbhavan Road, Somajiguda Hyderabad 82','contractor',true,89);
INSERT INTO Financial_Customers VALUES('FICT0015','M/s Hindustan Construction Co. Ltd. Hincom House , Lal Bahadur Shashtri Marg Vikhroli (West) Mumbai 400083','contractor',true,74);
INSERT INTO Financial_Customers VALUES('FICT0016','M/s. Pratibha Industries Limited Shrikant Chambers, Phase II, 5th Floor Sion-Trombay Road Chembur, Mumbai 400071','contractor',true,86);
INSERT INTO Financial_Customers VALUES('FICT0017','M/s. Indu Projects Limited #1009, Indu Fortune Fields 13th Phase, KPHB Colony Hyderabad 500072','contractor',true,88);
INSERT INTO Financial_Customers VALUES('FICT0018','M/s. Larsen & Turbo Limited ECC Division Mount Poonamallee Road Manapakkam, PB No, 979 Chennai 600089','contractor',true,76);
INSERT INTO Financial_Customers VALUES('FICT0019','M/s. RausConstructions Private Limited, 4-10- 30, Street No - 7, HMT Nagar, Nacharam, Hyderabad – 500076','contractor',true,71);
INSERT INTO Financial_Customers VALUES('FICT0020','M/s. Parnika Commercial & Estates (P) Ltd.,G-15, Preet Vihar, Delhi 110092.','contractor',true,88);
INSERT INTO Financial_Customers VALUES('FICT0021','M/s. J. Kumar Infra Projects Ltd.15-A, Andheri Industrial Estate, Veera Desai Road, Andheri (W), Mumbai 400053','contractor',true,88);
INSERT INTO Financial_Customers VALUES('FICT0022','M/s Sivanssh Infrastructure Development Pvt Ltd. ; 002, Gauri Apartment, 57-Hilton Lane, Meerabai Marg, Lucknow-226001','contractor',true,71);
INSERT INTO Financial_Customers VALUES('FICT0023','M/s City Pride Buildcon Pvt Ltd Pocket N- 250A, Sarita Vihar, New Delhi-110076','contractor',true,70);
INSERT INTO Financial_Customers VALUES('FICT0024','M/s AMR Constructions Limted Sai Krupa, D.No : 8-3-833, Plot Nos 37 & 38 Phase-I, Kamalapuri Colony, Hyderabad-500073','contractor',true,87);
INSERT INTO Financial_Customers VALUES('FICT0025','M/s Globe Civil Projects Pvt.LtdB-28, Shivalik, New Delhi-110017','contractor',true,87);
INSERT INTO Financial_Customers VALUES('FICT0026','M/s City Pride Buildcon Pvt Ltd –Kanakdhara Ventures Pvt Ltd-JV,Pocket N-250A, Sarita Vihar, New Delhi-110076','contractor',true,91);
INSERT INTO Financial_Customers VALUES('FICT0027','M/s Kanakdhara Ventures Pvt Ltd8-3- 1114/1, Keshav Nagar, Srinagar Colony, Hyderabad-500073','contractor',true,76);
INSERT INTO Financial_Customers VALUES('FICT0028','M/S MKC Infrastructure Ltd.MKC House, 10, Shiv Nagar, Anjar Ring Road Opposite Gulab Mill, Anjar-Kutch-370110Gujrat.','contractor',true,84);
INSERT INTO Financial_Customers VALUES('FICT0029','M/S D.Thakkar Constructions Pvt Ltd 103, Prince Tower, L.B.S.Marg,Ghatkopar (W)Mumbai-440086','contractor',true,80);
INSERT INTO Financial_Customers VALUES('FICT0030','M/s Jain Infraprojects Limited5th Floor, Premlata, 39, Shakespeare Sarani, Kolkatta-700017','contractor',true,84);
INSERT INTO Financial_Customers VALUES('FICT0031','M/s East Coast Constructions & Industries LimitedHO : #4, Buhari Buildings, Moores Road, Chennai-600006 (Tamilnadu)','contractor',true,89);
INSERT INTO Financial_Customers VALUES('FICT0032','Allahabad Bank','bank',true,-1);
INSERT INTO Financial_Customers VALUES('FICT0033','Axis Bank','bank',true,-1);
INSERT INTO Financial_Customers VALUES('FICT0034','Bank of India','bank',true,-1);
INSERT INTO Financial_Customers VALUES('FICT0035','Catholic Syrian Bank Ltd.','bank',true,-1);
INSERT INTO Financial_Customers VALUES('FICT0036','City Union Bank','bank',true,-1);
INSERT INTO Financial_Customers VALUES('FICT0037','Dena Bank','bank',true,-1);
INSERT INTO Financial_Customers VALUES('FICT0038','DBS Bank','bank',true,-1);
INSERT INTO Financial_Customers VALUES('FICT0039','HSBC Bank','bank',true,-1);
INSERT INTO Financial_Customers VALUES('FICT0040','American Express','bank',true,-1);
INSERT INTO Financial_Customers VALUES('FICT0041','Bandhan Bank','bank',true,-1);
INSERT INTO Financial_Customers VALUES('FICT0042','Bank of Maharashtra','bank',true,-1);
INSERT INTO Financial_Customers VALUES('FICT0043','Central Bank of India','bank',true,-1);
INSERT INTO Financial_Customers VALUES('FICT0044','Corporation Bank','bank',true,-1);
INSERT INTO Financial_Customers VALUES('FICT0045','Deutsche Bank','bank',true,-1);
INSERT INTO Financial_Customers VALUES('FICT0046','Federal Bank','bank',true,-1);
INSERT INTO Financial_Customers VALUES('FICT0047','ICICI Bank','bank',true,-1);
INSERT INTO Financial_Customers VALUES('FICT0048','Andhra Bank','bank',true,-1);
INSERT INTO Financial_Customers VALUES('FICT0049','Bank of Baroda','bank',true,-1);
INSERT INTO Financial_Customers VALUES('FICT0050','Canara Bank','bank',true,-1);
INSERT INTO Financial_Customers VALUES('FICT0051','Citibank','bank',true,-1);
INSERT INTO Financial_Customers VALUES('FICT0052','Joykirat Singh','public',true,79);
INSERT INTO Financial_Customers VALUES('FICT0053','Abhinav Dhawan','public',true,74);
INSERT INTO Financial_Customers VALUES('FICT0054','Yuvraj','public',true,94);
INSERT INTO Financial_Customers VALUES('FICT0055','Parth Gupta','public',true,93);
INSERT INTO Financial_Customers VALUES('FICT0056','Rohan','public',true,76);
INSERT INTO Financial_Customers VALUES('FICT0057','Soham Das','public',true,94);
INSERT INTO Financial_Customers VALUES('FICT0058','Utkarsh Gupta','public',true,93);
INSERT INTO Financial_Customers VALUES('FICT0059','Khushi','public',true,83);
INSERT INTO Financial_Customers VALUES('FICT0060','Surbhit','public',true,92);
INSERT INTO Financial_Customers VALUES('FICT0061','Ayushman Pandita','public',true,71);
INSERT INTO Financial_Customers VALUES('FICT0062','Aastha katyal','public',true,83);
INSERT INTO Financial_Customers VALUES('FICT0063','Satvik','public',true,93);
INSERT INTO Financial_Customers VALUES('FICT0064','Bhavay Malhotra','public',true,88);
INSERT INTO Financial_Customers VALUES('FICT0065','Abhimanyu Gupta','public',true,84);
INSERT INTO Financial_Customers VALUES('FICT0066','Sakshi singh','public',true,77);
INSERT INTO Financial_Customers VALUES('FICT0067','Mudit','public',true,88);
INSERT INTO Financial_Customers VALUES('FICT0068','Pritish Gulati','public',true,77);
INSERT INTO Financial_Customers VALUES('FICT0069','Saksham Koul','public',true,79);
INSERT INTO Financial_Customers VALUES('FICT0070','Stefna','public',true,85);
INSERT INTO Financial_Customers VALUES('FICT0071','Kunal','public',true,84);
INSERT INTO Financial_Customers VALUES('FICT0072','Sagarika','public',true,87);
INSERT INTO Financial_Customers VALUES('FICT0073','Dhruv Mehta','public',true,74);
INSERT INTO Financial_Customers VALUES('FICT0074','Abhishek Goyal','public',true,85);
INSERT INTO Financial_Customers VALUES('FICT0075','Shreya Verma','public',true,92);
INSERT INTO Financial_Customers VALUES('FICT0076','Kashish Sharma','public',true,87);
INSERT INTO Financial_Customers VALUES('FICT0077','Manika chhabra','public',true,82);
INSERT INTO Financial_Customers VALUES('FICT0078','Anjali Chhabra','public',true,79);
INSERT INTO Financial_Customers VALUES('FICT0079','Archana','public',true,73);
INSERT INTO Financial_Customers VALUES('FICT0080','Amit sharma','public',true,86);
INSERT INTO Financial_Customers VALUES('FICT0081','Manju vijra','public',true,76);
INSERT INTO Financial_Customers VALUES('FICT0082','Indu Sreedharan','public',true,74);
INSERT INTO Financial_Customers VALUES('FICT0083','Pragati Tandon','public',true,82);
INSERT INTO Financial_Customers VALUES('FICT0084','Nidhi Garg','public',true,89);
INSERT INTO Financial_Customers VALUES('FICT0085','Himani Bakshi','public',true,86);
INSERT INTO Financial_Customers VALUES('FICT0086','Prema','public',true,71);
INSERT INTO Financial_Customers VALUES('FICT0087','Ashwani Kapoor','public',true,71);
INSERT INTO Financial_Customers VALUES('FICT0088','Nirmala','public',true,87);
INSERT INTO Financial_Customers VALUES('FICT0089','Meghana Mangal','public',true,82);
INSERT INTO Financial_Customers VALUES('FICT0090','Arul Bansal','public',true,71);
INSERT INTO Financial_Customers VALUES('FICT0091','Vini Aggarwal','public',true,80);
INSERT INTO Financial_Customers VALUES('FICT0092','Gautam Sarkar','public',true,72);
INSERT INTO Financial_Customers VALUES('FICT0093','AMIT GUPTA','public',true,75);
INSERT INTO Financial_Customers VALUES('FICT0094','Roopesh Jaipuriar','public',true,82);
INSERT INTO Financial_Customers VALUES('FICT0095','Shivani garg','public',true,82);
INSERT INTO Financial_Customers VALUES('FICT0096','Hitesh Chhabra','public',true,82);
INSERT INTO Financial_Customers VALUES('FICT0097','Aman sehgal','public',true,78);
INSERT INTO Financial_Customers VALUES('FICT0098','Bhavneet Kaur','public',true,84);
INSERT INTO Financial_Customers VALUES('FICT0099','Priyanka Saini','public',true,77);
INSERT INTO Financial_Customers VALUES('FICT00100','Ashish Bhardwaj','public',true,86);
INSERT INTO Financial_Customers VALUES('FICT00101','Aarti Khurana','public',true,81);
INSERT INTO Financial_Customers VALUES('FICT00102','Kavita Gupta','public',true,92);
INSERT INTO Financial_Customers VALUES('FICT00103','Meghna Kapoor','public',true,84);
INSERT INTO Financial_Customers VALUES('FICT00104','Parul Minocha','public',true,75);
INSERT INTO Financial_Customers VALUES('FICT00105','Harshit Goyal','public',true,90);
INSERT INTO Financial_Customers VALUES('FICT00106','Chahat garg','public',true,81);
INSERT INTO Financial_Customers VALUES('FICT00107','Payal Mathur','public',true,77);
INSERT INTO Financial_Customers VALUES('FICT00108','Urna Sharma','public',true,90);
INSERT INTO Financial_Customers VALUES('FICT00109','Agra civil','govt',true,-1);
INSERT INTO Financial_Customers VALUES('FICT00110','Delhi pwd','govt',true,-1);
INSERT INTO Financial_Customers VALUES('FICT00111','Fazilka finance','govt',true,-1);
INSERT INTO Financial_Customers VALUES('FICT00112','Gwalior pr','govt',true,-1);
INSERT INTO Financial_Customers VALUES('FICT00113','Ahemdabad pwd','govt',true,-1);
INSERT INTO Financial_Customers VALUES('FICT00114','Lucknow pr','govt',true,-1);
INSERT INTO Financial_Customers VALUES('FICT00115','Mumbai Treasury','govt',true,-1);

INSERT INTO Government VALUES('GOVT001','FICT00109','Agra civil');
INSERT INTO Government VALUES('GOVT002','FICT00110','Delhi pwd');
INSERT INTO Government VALUES('GOVT003','FICT00111','Fazilka finance');
INSERT INTO Government VALUES('GOVT004','FICT00112','Gwalior pr');
INSERT INTO Government VALUES('GOVT005','FICT00113','Ahemdabad pwd');
INSERT INTO Government VALUES('GOVT006','FICT00114','Lucknow pr');
INSERT INTO Government VALUES('GOVT007','FICT00115','Mumbai Treasury');

INSERT INTO Public VALUES('PUB001','FICT0052','Joykirat Singh','AGRA',93);
INSERT INTO Public VALUES('PUB002','FICT0053','Abhinav Dhawan','DAYAL BAGH',78);
INSERT INTO Public VALUES('PUB003','FICT0054','Yuvraj','AGRA',72);
INSERT INTO Public VALUES('PUB004','FICT0055','Parth Gupta','CHITAURA',85);
INSERT INTO Public VALUES('PUB005','FICT0056','Rohan','AGRA',92);
INSERT INTO Public VALUES('PUB006','FICT0057','Soham Das','FATEHABAD',74);
INSERT INTO Public VALUES('PUB007','FICT0058','Utkarsh Gupta','HOLIPURA',70);
INSERT INTO Public VALUES('PUB008','FICT0059','Khushi','KALAL KHERIA',72);
INSERT INTO Public VALUES('PUB009','FICT0060','Surbhit','BEHTAGOKUL',92);
INSERT INTO Public VALUES('PUB0010','FICT0061','Ayushman Pandita','MADHOGANJ',89);
INSERT INTO Public VALUES('PUB0011','FICT0062','Aastha katyal','SURSA',77);
INSERT INTO Public VALUES('PUB0012','FICT0063','Satvik','HARPALPUR',81);
INSERT INTO Public VALUES('PUB0013','FICT0064','Bhavay Malhotra','HARDOI',71);
INSERT INTO Public VALUES('PUB0014','FICT0065','Abhimanyu Gupta','RENGAI',88);
INSERT INTO Public VALUES('PUB0015','FICT0066','Sakshi singh','HARPALPUR',71);
INSERT INTO Public VALUES('PUB0016','FICT0067','Mudit','AGRA',86);
INSERT INTO Public VALUES('PUB0017','FICT0068','Pritish Gulati','AGRA',91);
INSERT INTO Public VALUES('PUB0018','FICT0069','Saksham Koul','AGRA',87);
INSERT INTO Public VALUES('PUB0019','FICT0070','Stefna','MADHOGANJ',91);
INSERT INTO Public VALUES('PUB0020','FICT0071','Kunal','SURSA',72);
INSERT INTO Public VALUES('PUB0021','FICT0072','Sagarika','AGRA',92);
INSERT INTO Public VALUES('PUB0022','FICT0073','Dhruv Mehta','DAYAL BAGH',71);
INSERT INTO Public VALUES('PUB0023','FICT0074','Abhishek Goyal','AGRA',86);
INSERT INTO Public VALUES('PUB0024','FICT0075','Shreya Verma','CHITAURA',70);
INSERT INTO Public VALUES('PUB0025','FICT0076','Kashish Sharma','AGRA',85);
INSERT INTO Public VALUES('PUB0026','FICT0077','Manika chhabra','FATEHABAD',76);
INSERT INTO Public VALUES('PUB0027','FICT0078','Anjali Chhabra','HOLIPURA',83);
INSERT INTO Public VALUES('PUB0028','FICT0079','Archana','KALAL KHERIA',91);
INSERT INTO Public VALUES('PUB0029','FICT0080','Amit sharma','BEHTAGOKUL',87);
INSERT INTO Public VALUES('PUB0030','FICT0081','Manju vijra','MADHOGANJ',81);
INSERT INTO Public VALUES('PUB0031','FICT0082','Indu Sreedharan','SURSA',88);
INSERT INTO Public VALUES('PUB0032','FICT0083','Pragati Tandon','HARPALPUR',80);
INSERT INTO Public VALUES('PUB0033','FICT0084','Nidhi Garg','HARDOI',72);
INSERT INTO Public VALUES('PUB0034','FICT0085','Himani Bakshi','RENGAI',77);
INSERT INTO Public VALUES('PUB0035','FICT0086','Prema','HARPALPUR',93);
INSERT INTO Public VALUES('PUB0036','FICT0087','Ashwani Kapoor','AGRA',73);
INSERT INTO Public VALUES('PUB0037','FICT0088','Nirmala','AGRA',73);
INSERT INTO Public VALUES('PUB0038','FICT0089','Meghana Mangal','AGRA',88);
INSERT INTO Public VALUES('PUB0039','FICT0090','Arul Bansal','MADHOGANJ',86);
INSERT INTO Public VALUES('PUB0040','FICT0091','Vini Aggarwal','SURSA',79);
INSERT INTO Public VALUES('PUB0041','FICT0092','Gautam Sarkar','AGRA',81);
INSERT INTO Public VALUES('PUB0042','FICT0093','AMIT GUPTA','DAYAL BAGH',75);
INSERT INTO Public VALUES('PUB0043','FICT0094','Roopesh Jaipuriar','AGRA',85);
INSERT INTO Public VALUES('PUB0044','FICT0095','Shivani garg','CHITAURA',76);
INSERT INTO Public VALUES('PUB0045','FICT0096','Hitesh Chhabra','AGRA',78);
INSERT INTO Public VALUES('PUB0046','FICT0097','Aman sehgal','FATEHABAD',83);
INSERT INTO Public VALUES('PUB0047','FICT0098','Bhavneet Kaur','HOLIPURA',93);
INSERT INTO Public VALUES('PUB0048','FICT0099','Priyanka Saini','KALAL KHERIA',93);
INSERT INTO Public VALUES('PUB0049','FICT00100','Ashish Bhardwaj','BEHTAGOKUL',72);
INSERT INTO Public VALUES('PUB0050','FICT00101','Aarti Khurana','MADHOGANJ',75);
INSERT INTO Public VALUES('PUB0051','FICT00102','Kavita Gupta','SURSA',90);
INSERT INTO Public VALUES('PUB0052','FICT00103','Meghna Kapoor','HARPALPUR',73);
INSERT INTO Public VALUES('PUB0053','FICT00104','Parul Minocha','HARDOI',79);
INSERT INTO Public VALUES('PUB0054','FICT00105','Harshit Goyal','RENGAI',76);
INSERT INTO Public VALUES('PUB0055','FICT00106','Chahat garg','HARPALPUR',85);
INSERT INTO Public VALUES('PUB0056','FICT00107','Payal Mathur','AGRA',85);
INSERT INTO Public VALUES('PUB0057','FICT00108','Urna Sharma','AGRA',74);

INSERT INTO Contractors VALUES('Cont001','M/s Recon Engineers(India) Pvt. Ltd. 227,Kamalalaya Centre,156 A Lenin sarani,Kolkata 700013','1975-01-13 ','Phone :- 033-22157639, Fax :-033-30227639,E mail ID: planning.reacon@reacongroup.com',58,'NO',9131033811,'FICT001');
INSERT INTO Contractors VALUES('Cont002','M/s. Durha Construction Pvt. Ltd 5th Floor, Anushika Shopping Mall Sector 11, Rohini New Delhi-110085','1976-02-22 ','Phone :- 27574503/4/5/6/7 Fax :-27574505 Email :- dcpl@durha.net',51,'NO',9412851345,'FICT002');
INSERT INTO Contractors VALUES('Cont003','M/s. Vensar Constructions Company Limited, Plot no. 28, 1st Floor, Navodaya Colony, Road No 2, Banjara hills, Hyderabad 500034, Andhra Pradesh','1969-09-13 ','Phone :-040-40171936/37/38 Fax :-040-40171939 Email :- info@vensar.in ,vensar_999@yahoo.co.in',89,'NO',9882744995,'FICT003');
INSERT INTO Contractors VALUES('Cont004','M/s. KMV Projects Limited Regd Off.:- Plot no 8-3-948-949, 4th Floor, Solitaire Plaza, Beside Image Hospital, Ameerpet, Hyderabad 500073','1975-08-16 ','Phone 040-66822312/3017/1111 Fax :- 040-23735293 Email :- www.chowdary_rao1@yahoo.com',41,'NO',9022301510,'FICT004');
INSERT INTO Contractors VALUES('Cont005','M/s. KCP Projects Ltd. # 1-2—339/1, Street No 6 Gagan Mahal, Domalguda Hyderabad 500029 (AP)','1953-10-31 ','Phone 040-27763835/ 6 / 7 Fax :-040-27763082 Email :- info@kcpprojects.com',22,'NO',9066309973,'FICT005');
INSERT INTO Contractors VALUES('Cont006','M/s. Centrodorstory (India) Pvt. Ltd 1st Floor, The OPG School, Sector 19-B Dwarka, New Delhi 110075','1973-12-16 ','Phone :- 45550222 Fax :-45550200 Email :- mail@cdsipl.com',80,'NO',9426841910,'FICT006');
INSERT INTO Contractors VALUES('Cont007','M/s. Odeon Builders Pvt. Ltd. N-49, 2nd Floor, Connaught Place, New Delhi - 110001','1971-09-16 ','Phone :-23416062 / 64 Fax :-23416064 Email :- info@odeonbuilders.com',13,'NO',9239930777,'FICT007');
INSERT INTO Contractors VALUES('Cont008','M/s. Vishwa Infrastructures and Services Pvt. Ltd - M/s KCP Projects LTD (JV) 1-11-256/C/24, Plot No 24 Gagan Vihar Colony, Begumpet Hyderabad 500016 (AP)','1964-09-14 ','Phone 040-27763835/ 6 / 7 Fax :-040-27763082 Email :- info@kcpprojects.com',8,'NO',9578526957,'FICT008');
INSERT INTO Contractors VALUES('Cont009','M/s. Vijay Nirman Company Pvt. Ltd. 10-50-19, Soudamani, Siripuram Visakhapatnam 530001','1975-02-09 ','Phone :-0891-2573380, 2575755, 2715540 Fax :- 0891-2754046 Email :- vncvizag@vijaynirman.com',27,'NO',9566184548,'FICT009');
INSERT INTO Contractors VALUES('Cont0010','M/s. Coastal Projects Pvt. Ltd Flat No 504-505 32-33, Kusal Bazar Building Nehru Place, New Delhi 110019','1953-09-08 ','Phone :-26442852, 26443945 Fax :-26219702 Email :- cpl.ho@coastalprojects.co.in',39,'NO',9446735031,'FICT0010');
INSERT INTO Contractors VALUES('Cont0011','M/s. Patel Engineering Ltd. Patel Estate Road, Jogeshwari (W) Mumbai 400102','1958-01-14 ','Phone :- 022-26767500, 26782916 Fax :-022-26782455, 26781505 Email :- headoffice@pateleng.com',19,'NO',9886778642,'FICT0011');
INSERT INTO Contractors VALUES('Cont0012','M/s. Deepika Infratech Pvt. Ltd 8-2-686/C/D/5, Road No 12 Banjara Hills Hyderabad 500034','1956-03-06 ','Phone :- 040-23321010/12 Fax :-040-23321017 Email :- info@deepikainfratech.com',99,'NO',9921790414,'FICT0012');
INSERT INTO Contractors VALUES('Cont0013','M/s. Gammon India Ltd Gammon house, Veer Savarkar Marg Prabhadevi 400025, Mumbai (M.S.)','1957-05-10 ','Phone :- 022-67444039 Fax :-022-67444105 Email :- rabinder.sainani@gammonindia.com',26,'NO',9752866437,'FICT0013');
INSERT INTO Contractors VALUES('Cont0014','M/s. Ramky Infrastructure Ltd. Ramky House, Rajbhavan Road, Somajiguda Hyderabad 82','1962-08-13 ','Phone :- 040-23310091 Fax :-040-23302353 Email :- proposal@ramky.com',75,'NO',9301260243,'FICT0014');
INSERT INTO Contractors VALUES('Cont0015','M/s Hindustan Construction Co. Ltd. Hincom House , Lal Bahadur Shashtri Marg Vikhroli (West) Mumbai 400083','1957-04-10 ','Phone :- 022-25775959 Fax :-022-25777568 Email :- marketing.mumbai@hccindia.com',94,'NO',9817583302,'FICT0015');
INSERT INTO Contractors VALUES('Cont0016','M/s. Pratibha Industries Limited Shrikant Chambers, Phase II, 5th Floor Sion-Trombay Road Chembur, Mumbai 400071','1960-08-18 ','Phone :-022-39559999 Fax :-02225201135 Email :- proposals@pratibhagroup.com',83,'NO',9528703847,'FICT0016');
INSERT INTO Contractors VALUES('Cont0017','M/s. Indu Projects Limited #1009, Indu Fortune Fields 13th Phase, KPHB Colony Hyderabad 500072','1967-12-15 ','Phone :-040-4478000 Fax :-040-44780224 Email :- info@induprojects.com',25,'NO',9095151821,'FICT0017');
INSERT INTO Contractors VALUES('Cont0018','M/s. Larsen & Turbo Limited ECC Division Mount Poonamallee Road Manapakkam, PB No, 979 Chennai 600089','1954-02-12 ','Phone :- 044-22528607 Fax :-044-22528688 Email :- vsh@intecc.com',15,'NO',9881967920,'FICT0018');
INSERT INTO Contractors VALUES('Cont0019','M/s. RausConstructions Private Limited, 4-10- 30, Street No - 7, HMT Nagar, Nacharam, Hyderabad – 500076','1951-08-26 ','Telfax : 040-27156943 Email: info@rausconstructions.com',33,'NO',9131517516,'FICT0019');
INSERT INTO Contractors VALUES('Cont0020','M/s. Parnika Commercial & Estates (P) Ltd.,G-15, Preet Vihar, Delhi 110092.','1973-08-06 ','Tel: 22456200, 22456300, 22466400, Fax: 22426014 Email: parnika1989@gmail.com',17,'NO',9922084607,'FICT0020');
INSERT INTO Contractors VALUES('Cont0021','M/s. J. Kumar Infra Projects Ltd.15-A, Andheri Industrial Estate, Veera Desai Road, Andheri (W), Mumbai 400053','1970-08-27 ','Tel : 022-26730291, 0848, 0853,Fax: 022- 26730814Email :jknc@vsnl.net',69,'NO',9280652400,'FICT0021');
INSERT INTO Contractors VALUES('Cont0022','M/s Sivanssh Infrastructure Development Pvt Ltd. ; 002, Gauri Apartment, 57-Hilton Lane, Meerabai Marg, Lucknow-226001','1967-02-19 ','Phone :- 0522-2204723 Fax :-0522-2209337 Email :- info@sivansshinfra@com',36,'NO',9973032156,'FICT0022');
INSERT INTO Contractors VALUES('Cont0023','M/s City Pride Buildcon Pvt Ltd Pocket N- 250A, Sarita Vihar, New Delhi-110076','1977-02-02 ','Phone :- 011-29944771 Fax :- 011-29944771 Email :- city_pride71@yahoo.com',12,'NO',9628657521,'FICT0023');
INSERT INTO Contractors VALUES('Cont0024','M/s AMR Constructions Limted Sai Krupa, D.No : 8-3-833, Plot Nos 37 & 38 Phase-I, Kamalapuri Colony, Hyderabad-500073','1973-10-17 ','Phone :- 040-30570009, Fax :- 040-30570012-15 Email :- info@amrcl.com',72,'NO',9620742390,'FICT0024');
INSERT INTO Contractors VALUES('Cont0025','M/s Globe Civil Projects Pvt.LtdB-28, Shivalik, New Delhi-110017','1951-12-20 ','Phone :- 011-46626262 Fax :- 011-26692044 Email :- info@globecivilprojects.com',12,'NO',9376861447,'FICT0025');
INSERT INTO Contractors VALUES('Cont0026','M/s City Pride Buildcon Pvt Ltd –Kanakdhara Ventures Pvt Ltd-JV,Pocket N-250A, Sarita Vihar, New Delhi-110076','1976-12-06 ','Phone :- 011-29944771 Fax :- 011-29944771 Email :- city_pride71@yahoo.com',34,'NO',9260639944,'FICT0026');
INSERT INTO Contractors VALUES('Cont0027','M/s Kanakdhara Ventures Pvt Ltd8-3- 1114/1, Keshav Nagar, Srinagar Colony, Hyderabad-500073','1964-05-11 ','Phone :- 040-44543030 Fax :- 040-44543030 Email : info@kanakadharaventures.com',89,'NO',9975397261,'FICT0027');
INSERT INTO Contractors VALUES('Cont0028','M/S MKC Infrastructure Ltd.MKC House, 10, Shiv Nagar, Anjar Ring Road Opposite Gulab Mill, Anjar-Kutch-370110Gujrat.','1951-12-04 ','Phone :- 02836-245730 Fax :-02836-243065 Email :- mkcinfrastructureltd@gmail.com',100,'NO',9126602680,'FICT0028');
INSERT INTO Contractors VALUES('Cont0029','M/S D.Thakkar Constructions Pvt Ltd 103, Prince Tower, L.B.S.Marg,Ghatkopar (W)Mumbai-440086','1953-01-21 ','Phone :- 022-25161946, 25124255 Fax :- 022- 25115921 Email :- info.nagpur@dthakkar.net',37,'NO',9432775868,'FICT0029');
INSERT INTO Contractors VALUES('Cont0030','M/s Jain Infraprojects Limited5th Floor, Premlata, 39, Shakespeare Sarani, Kolkatta-700017','1966-06-19 ','Phone :- 033-40027777 Fax :- 033-40027744 Email :- info@jaingroup.co.in',60,'NO',9887023268,'FICT0030');
INSERT INTO Contractors VALUES('Cont0031','M/s East Coast Constructions & Industries LimitedHO : #4, Buhari Buildings, Moores Road, Chennai-600006 (Tamilnadu)','1979-12-18 ','Phone :- 044-28272789, 28207363 Fax :- 044-28261274 Email :- reddy@ecciltd.com',3,'NO',9025312718,'FICT0031');


INSERT INTO Banks VALUES('BNK001','FICT0032','Allahabad Bank','AGRA');
INSERT INTO Banks VALUES('BNK002','FICT0033','Axis Bank','DAYAL BAGH');
INSERT INTO Banks VALUES('BNK003','FICT0034','Bank of India','AGRA');
INSERT INTO Banks VALUES('BNK004','FICT0035','Catholic Syrian Bank Ltd.','CHITAURA');
INSERT INTO Banks VALUES('BNK005','FICT0036','City Union Bank','AGRA');
INSERT INTO Banks VALUES('BNK006','FICT0037','Dena Bank','FATEHABAD');
INSERT INTO Banks VALUES('BNK007','FICT0038','DBS Bank','HOLIPURA');
INSERT INTO Banks VALUES('BNK008','FICT0039','HSBC Bank','KALAL KHERIA');
INSERT INTO Banks VALUES('BNK009','FICT0040','American Express','BEHTAGOKUL');
INSERT INTO Banks VALUES('BNK0010','FICT0041','Bandhan Bank','MADHOGANJ');
INSERT INTO Banks VALUES('BNK0011','FICT0042','Bank of Maharashtra','SURSA');
INSERT INTO Banks VALUES('BNK0012','FICT0043','Central Bank of India','HARPALPUR');
INSERT INTO Banks VALUES('BNK0013','FICT0044','Corporation Bank','HARDOI');
INSERT INTO Banks VALUES('BNK0014','FICT0045','Deutsche Bank','RENGAI');
INSERT INTO Banks VALUES('BNK0015','FICT0046','Federal Bank','HARPALPUR');
INSERT INTO Banks VALUES('BNK0016','FICT0047','ICICI Bank','AGRA');
INSERT INTO Banks VALUES('BNK0017','FICT0048','Andhra Bank','AGRA');
INSERT INTO Banks VALUES('BNK0018','FICT0049','Bank of Baroda','AGRA');
INSERT INTO Banks VALUES('BNK0019','FICT0050','Canara Bank','MADHOGANJ');
INSERT INTO Banks VALUES('BNK0020','FICT0051','Citibank','SURSA');





INSERT INTO loans_offered VALUES('L1','BNK001',10.0,10000.0,7.0,12.0,'public');
INSERT INTO loans_offered VALUES('L2','BNK001',12.0,100000.0,16.0,15.0,'contractor');
INSERT INTO loans_offered VALUES('L3','BNK001',13.0,120000.0,9.0,11.0,'public');
INSERT INTO loans_offered VALUES('L4','BNK001',15.0,160000.0,18.0,21.0,'contractor');
INSERT INTO loans_offered VALUES('L5','BNK001',23.0,150000.0,10.0,30.0,'public');
INSERT INTO loans_offered VALUES('L6','BNK002',10.0,1000000.0,5.0,22.0,'public');
INSERT INTO loans_offered VALUES('L7','BNK002',12.0,3500000.0,15.0,15.0,'contractor');
INSERT INTO loans_offered VALUES('L8','BNK002',13.0,420000.0,6.0,23.0,'public');
INSERT INTO loans_offered VALUES('L9','BNK002',15.0,5500000.0,18.0,65.0,'contractor');
INSERT INTO loans_offered VALUES('L10','BNK002',11.0,720000.0,16.0,24.0,'contractor');
INSERT INTO loans_offered VALUES('L11','BNK003',23.0,650000.0,8.0,50.0,'public');
INSERT INTO loans_offered VALUES('L12','BNK003',10.0,720000.0,7.0,34.0,'public');
INSERT INTO loans_offered VALUES('L13','BNK003',12.0,960000.0,19.0,46.0,'contractor');
INSERT INTO loans_offered VALUES('L14','BNK003',13.0,1000000.0,6.0,68.0,'public');
INSERT INTO loans_offered VALUES('L15','BNK003',15.0,1600000.0,17.0,12.0,'contractor');
INSERT INTO loans_offered VALUES('L16','BNK004',23.0,870000.0,6.0,32.0,'public');
INSERT INTO loans_offered VALUES('L17','BNK004',10.0,9100000.0,7.0,56.0,'public');
INSERT INTO loans_offered VALUES('L18','BNK004',12.0,1200000.0,17.0,82.0,'contractor');
INSERT INTO loans_offered VALUES('L19','BNK004',13.0,1450000.0,6.0,19.0,'public');
INSERT INTO loans_offered VALUES('L20','BNK004',15.0,4500000.0,19.0,35.0,'contractor');
INSERT INTO loans_offered VALUES('L21','BNK005',14.0,1450000.0,6.0,11.0,'public');
INSERT INTO loans_offered VALUES('L22','BNK005',18.0,5500000.0,19.0,34.0,'contractor');
INSERT INTO loans_offered VALUES('L23','BNK006',12.0,1450002.0,6.0,12.0,'public');
INSERT INTO loans_offered VALUES('L24','BNK006',12.0,2000000.0,19.0,35.0,'contractor');
INSERT INTO loans_offered VALUES('L25','BNK007',13.0,4450000.0,6.0,16.0,'public');
INSERT INTO loans_offered VALUES('L26','BNK007',15.0,4600000.0,18.0,34.0,'contractor');
INSERT INTO loans_offered VALUES('L27','BNK008',9.0,1650000.0,9.0,29.0,'public');
INSERT INTO loans_offered VALUES('L28','BNK008',7.0,7500000.0,16.0,32.0,'contractor');
INSERT INTO loans_offered VALUES('L29','BNK009',12.0,8450000.0,6.0,11.0,'public');
INSERT INTO loans_offered VALUES('L30','BNK009',14.0,4570000.0,18.0,15.0,'contractor');
INSERT INTO loans_offered VALUES('L31','BNK0010',17.0,1440000.0,7.0,15.0,'public');
INSERT INTO loans_offered VALUES('L32','BNK0010',15.0,8500000.0,17.0,17.0,'contractor');
INSERT INTO loans_offered VALUES('L33','BNK0011',16.0,2450000.0,8.0,26.0,'public');
INSERT INTO loans_offered VALUES('L34','BNK0011',13.0,6500000.0,15.0,45.0,'contractor');
INSERT INTO loans_offered VALUES('L35','BNK0012',15.0,2350000.0,7.0,34.0,'public');
INSERT INTO loans_offered VALUES('L36','BNK0012',16.0,4800000.0,16.0,23.0,'contractor');
INSERT INTO loans_offered VALUES('L37','BNK0013',16.0,1480000.0,9.0,23.0,'public');
INSERT INTO loans_offered VALUES('L38','BNK0013',15.0,4500000.0,16.0,16.0,'contractor');
INSERT INTO loans_offered VALUES('L39','BNK0014',13.0,8450000.0,6.0,17.0,'public');
INSERT INTO loans_offered VALUES('L40','BNK0014',16.0,7500000.0,17.0,33.0,'contractor');
INSERT INTO loans_offered VALUES('L41','BNK0015',12.0,1450000.0,6.0,17.0,'public');
INSERT INTO loans_offered VALUES('L42','BNK0015',17.0,4500000.0,18.0,35.0,'contractor');
INSERT INTO loans_offered VALUES('L43','BNK0016',16.0,1450000.0,5.0,16.0,'public');
INSERT INTO loans_offered VALUES('L44','BNK0016',14.0,4500000.0,17.0,37.0,'contractor');
INSERT INTO loans_offered VALUES('L45','BNK0017',12.0,1450000.0,6.0,14.0,'public');
INSERT INTO loans_offered VALUES('L46','BNK0017',16.0,4500000.0,15.0,37.0,'contractor');
INSERT INTO loans_offered VALUES('L47','BNK0018',17.0,1650000.0,7.0,13.0,'public');
INSERT INTO loans_offered VALUES('L48','BNK0018',14.0,3400000.0,15.0,32.0,'contractor');
INSERT INTO loans_offered VALUES('L49','BNK0019',13.0,1450000.0,7.0,15.0,'public');
INSERT INTO loans_offered VALUES('L50','BNK0019',17.0,8700000.0,18.0,36.0,'contractor');
INSERT INTO loans_offered VALUES('L51','BNK0020',15.0,4450000.0,6.0,19.0,'public');
INSERT INTO loans_offered VALUES('L52','BNK0020',19.0,4600000.0,19.0,35.0,'contractor');
INSERT INTO loans_offered VALUES('L53','BNK0020',15.0,732500000.0,6.0,19.0,'contractor');
INSERT INTO loans_offered VALUES('L54','BNK0020',19.0,618600000.0,19.0,35.0,'contractor');
INSERT INTO loans_offered VALUES('L55','BNK0020',15.0,1376600000.0,6.0,19.0,'contractor');
INSERT INTO loans_offered VALUES('L56','BNK0019',19.0,528400000.0,19.0,35.0,'contractor');
INSERT INTO loans_offered VALUES('L57','BNK0019',15.0,1078000000.0,6.0,19.0,'contractor');
INSERT INTO loans_offered VALUES('L58','BNK0019',19.0,984100000.0,19.0,35.0,'contractor');





INSERT INTO ongoing_projects VALUES('ONGP001',null,'GOVT006','Godrej Prime','AGRA',28,'NO',0 );
INSERT INTO ongoing_projects VALUES('ONGP002',null,'GOVT002','Merlin X','DAYAL BAGH',20,'NO',0 );
INSERT INTO ongoing_projects VALUES('ONGP003',null,'GOVT004','Godrej Golf Link Villas','AGRA',32,'NO',0 );
INSERT INTO ongoing_projects VALUES('ONGP004',null,'GOVT001','Salarpuria Satva Signet','CHITAURA',30,'NO',0 );
INSERT INTO ongoing_projects VALUES('ONGP005',null,'GOVT006','Wadhwa Dukes Horizon','AGRA',32,'NO',0 );
INSERT INTO ongoing_projects VALUES('ONGP006',null,'GOVT007','Shilp Revanta','FATEHABAD',34,'NO',0 );
INSERT INTO ongoing_projects VALUES('ONGP007',null,'GOVT001','TVS Peninsula','HOLIPURA',23,'NO',0 );
INSERT INTO ongoing_projects VALUES('ONGP008',null,'GOVT001','Southern Vista','KALAL KHERIA',30,'NO',0 );
INSERT INTO ongoing_projects VALUES('ONGP009',null,'GOVT006','New Kolkata Sangam','BEHTAGOKUL',23,'NO',0 );
INSERT INTO ongoing_projects VALUES('ONGP0010',null,'GOVT001','Kaveri Soham Vivanta','MADHOGANJ',29,'NO',0 );
INSERT INTO ongoing_projects VALUES('ONGP0011',null,'GOVT005','Casagrand Athens','SURSA',21,'NO',0 );
INSERT INTO ongoing_projects VALUES('ONGP0012',null,'GOVT007','Brigade Citadel','HARPALPUR',36,'NO',0 );
INSERT INTO ongoing_projects VALUES('ONGP0013',null,'GOVT004','Sushma Appartments','HARDOI',35,'NO',0 );
INSERT INTO ongoing_projects VALUES('ONGP0014',null,'GOVT005','Adarsh Green','RENGAI',35,'NO',0 );
INSERT INTO ongoing_projects VALUES('ONGP0015',null,'GOVT004','Ozone Southend','HARPALPUR',23,'NO',0 );
INSERT INTO ongoing_projects VALUES('ONGP0016',null,'GOVT003','Purti Veda','AGRA',32,'NO',0 );
INSERT INTO ongoing_projects VALUES('ONGP0017',null,'GOVT005','Ashoka Spire','AGRA',33,'NO',0 );
INSERT INTO ongoing_projects VALUES('ONGP0018',null,'GOVT006','Aditya Appartments','AGRA',38,'NO',0 );
INSERT INTO ongoing_projects VALUES('ONGP0019',null,'GOVT003','Godrej Retreat','MADHOGANJ',21,'NO',0 );
INSERT INTO ongoing_projects VALUES('ONGP0020',null,'GOVT001','Swati Parkside','SURSA',29,'NO',0 );
INSERT INTO ongoing_projects VALUES('ONGP0021',null,'GOVT007','Citylights Real Estate','Bombay',32,'NO',0 );
INSERT INTO ongoing_projects VALUES('ONGP0022',null,'GOVT001','Nest Scout Realty','Bangalore',31,'NO',0 );
INSERT INTO ongoing_projects VALUES('ONGP0023',null,'GOVT004','Mortgage Genies','Delhi',31,'NO',0 );
INSERT INTO ongoing_projects VALUES('ONGP0024',null,'GOVT005','Homesphere Realtors','fazilka',37,'NO',0 );
INSERT INTO ongoing_projects VALUES('ONGP0025',null,'GOVT005','Star Island Realtors','Ludhiana',23,'NO',0 );
INSERT INTO ongoing_projects VALUES('ONGP0026',null,'GOVT004','Banyon Tree Realty','Mathura',37,'NO',0 );
INSERT INTO ongoing_projects VALUES('ONGP0027',null,'GOVT004','Brick Lane Realty','Delhi',38,'NO',0 );
INSERT INTO ongoing_projects VALUES('ONGP0028',null,'GOVT004','Cobblestone Realty Partners','AGRA',28,'NO',0 );
INSERT INTO ongoing_projects VALUES('ONGP0029',null,'GOVT003','Pagoda Realty','MADHOGANJ',21,'NO',0 );
INSERT INTO ongoing_projects VALUES('ONGP0030',null,'GOVT007','Herringbone Realty','SURSA',26,'NO',0 );
INSERT INTO ongoing_projects VALUES('ONGP0031',null,'GOVT003','Nova Real Estate','Bombay',22,'NO',0 );
INSERT INTO ongoing_projects VALUES('ONGP0032',null,'GOVT004','The Real Estate Corner','Bangalore',35,'NO',0 );
INSERT INTO ongoing_projects VALUES('ONGP0033',null,'GOVT007','Fairmount Properties','Delhi',21,'NO',0 );
INSERT INTO ongoing_projects VALUES('ONGP0034',null,'GOVT001','Urban Nest Realty','fazilka',36,'NO',0 );
INSERT INTO ongoing_projects VALUES('ONGP0035',null,'GOVT005','Red Carpet Real Estate','Ludhiana',39,'NO',0 );
INSERT INTO ongoing_projects VALUES('ONGP0036',null,'GOVT003','Genesis Properties','Mathura',29,'NO',0 );
INSERT INTO ongoing_projects VALUES('ONGP0037',null,'GOVT004','Red Door Realtors','Delhi',34,'NO',0 );
INSERT INTO ongoing_projects VALUES('ONGP0038',null,'GOVT003','Bungalow Realty','SURSA',26,'NO',0 );
INSERT INTO ongoing_projects VALUES('ONGP0039',null,'GOVT005','Sand and Sea Realty','Bombay',40,'NO',0 );
INSERT INTO ongoing_projects VALUES('ONGP0040',null,'GOVT001','Turnkey Properties','Bangalore',22,'NO',0 );

INSERT INTO contractor_competency VALUES('Cont001',13,12,'YES');
INSERT INTO contractor_competency VALUES('Cont002',9,22,'YES');
INSERT INTO contractor_competency VALUES('Cont003',5,29,'NO');
INSERT INTO contractor_competency VALUES('Cont004',16,26,'YES');
INSERT INTO contractor_competency VALUES('Cont005',15,25,'YES');
INSERT INTO contractor_competency VALUES('Cont006',10,39,'NO');
INSERT INTO contractor_competency VALUES('Cont007',11,35,'YES');
INSERT INTO contractor_competency VALUES('Cont008',5,22,'NO');
INSERT INTO contractor_competency VALUES('Cont009',7,10,'YES');
INSERT INTO contractor_competency VALUES('Cont0010',7,31,'YES');
INSERT INTO contractor_competency VALUES('Cont0011',7,16,'NO');
INSERT INTO contractor_competency VALUES('Cont0012',17,23,'YES');
INSERT INTO contractor_competency VALUES('Cont0013',10,23,'NO');
INSERT INTO contractor_competency VALUES('Cont0014',20,11,'YES');
INSERT INTO contractor_competency VALUES('Cont0015',11,39,'NO');
INSERT INTO contractor_competency VALUES('Cont0016',14,26,'NO');
INSERT INTO contractor_competency VALUES('Cont0017',5,10,'NO');
INSERT INTO contractor_competency VALUES('Cont0018',19,20,'NO');
INSERT INTO contractor_competency VALUES('Cont0019',15,20,'NO');
INSERT INTO contractor_competency VALUES('Cont0020',11,12,'NO');
INSERT INTO contractor_competency VALUES('Cont0021',16,24,'YES');
INSERT INTO contractor_competency VALUES('Cont0022',18,18,'YES');
INSERT INTO contractor_competency VALUES('Cont0023',10,30,'YES');
INSERT INTO contractor_competency VALUES('Cont0024',13,25,'NO');
INSERT INTO contractor_competency VALUES('Cont0025',19,14,'YES');
INSERT INTO contractor_competency VALUES('Cont0026',7,31,'NO');
INSERT INTO contractor_competency VALUES('Cont0027',18,24,'YES');
INSERT INTO contractor_competency VALUES('Cont0028',9,32,'YES');
INSERT INTO contractor_competency VALUES('Cont0029',11,12,'YES');
INSERT INTO contractor_competency VALUES('Cont0030',10,40,'YES');
INSERT INTO contractor_competency VALUES('Cont0031',15,11,'NO');







INSERT INTO project_requirements VALUES('ONGP001',17,'YES',53,31);
INSERT INTO project_requirements VALUES('ONGP002',20,'NO',171,13);
INSERT INTO project_requirements VALUES('ONGP003',14,'NO',200,40);
INSERT INTO project_requirements VALUES('ONGP004',12,'NO',95,10);
INSERT INTO project_requirements VALUES('ONGP005',16,'YES',84,28);
INSERT INTO project_requirements VALUES('ONGP006',5,'YES',138,18);
INSERT INTO project_requirements VALUES('ONGP007',15,'YES',156,10);
INSERT INTO project_requirements VALUES('ONGP008',15,'NO',171,13);
INSERT INTO project_requirements VALUES('ONGP009',17,'NO',139,39);
INSERT INTO project_requirements VALUES('ONGP0010',5,'NO',95,12);
INSERT INTO project_requirements VALUES('ONGP0011',20,'YES',132,33);
INSERT INTO project_requirements VALUES('ONGP0012',9,'YES',155,28);
INSERT INTO project_requirements VALUES('ONGP0013',13,'YES',120,22);
INSERT INTO project_requirements VALUES('ONGP0014',8,'YES',153,23);
INSERT INTO project_requirements VALUES('ONGP0015',10,'NO',110,15);
INSERT INTO project_requirements VALUES('ONGP0016',18,'NO',174,35);
INSERT INTO project_requirements VALUES('ONGP0017',9,'YES',122,13);
INSERT INTO project_requirements VALUES('ONGP0018',14,'YES',160,10);
INSERT INTO project_requirements VALUES('ONGP0019',7,'YES',65,28);
INSERT INTO project_requirements VALUES('ONGP0020',16,'YES',81,20);
INSERT INTO project_requirements VALUES('ONGP0021',19,'YES',155,36);
INSERT INTO project_requirements VALUES('ONGP0022',13,'YES',119,39);
INSERT INTO project_requirements VALUES('ONGP0023',10,'NO',145,17);
INSERT INTO project_requirements VALUES('ONGP0024',10,'YES',169,39);
INSERT INTO project_requirements VALUES('ONGP0025',8,'NO',162,21);
INSERT INTO project_requirements VALUES('ONGP0026',15,'NO',56,29);
INSERT INTO project_requirements VALUES('ONGP0027',18,'YES',107,37);
INSERT INTO project_requirements VALUES('ONGP0028',13,'YES',157,35);
INSERT INTO project_requirements VALUES('ONGP0029',5,'NO',58,10);
INSERT INTO project_requirements VALUES('ONGP0030',9,'YES',105,16);
INSERT INTO project_requirements VALUES('ONGP0031',8,'NO',106,35);
INSERT INTO project_requirements VALUES('ONGP0032',17,'NO',158,36);
INSERT INTO project_requirements VALUES('ONGP0033',12,'YES',96,40);
INSERT INTO project_requirements VALUES('ONGP0034',13,'NO',112,37);
INSERT INTO project_requirements VALUES('ONGP0035',13,'YES',167,28);
INSERT INTO project_requirements VALUES('ONGP0036',20,'YES',94,32);
INSERT INTO project_requirements VALUES('ONGP0037',9,'NO',61,18);
INSERT INTO project_requirements VALUES('ONGP0038',11,'YES',178,33);
INSERT INTO project_requirements VALUES('ONGP0039',8,'NO',181,16);
INSERT INTO project_requirements VALUES('ONGP0040',5,'YES',191,30);



INSERT INTO Completed_Projects VALUES('CP001', 'GOVT001', 'Cont0010', 'Migsun Group', '2020-07-14', 'AGRA', 50, 73.54);
INSERT INTO Completed_Projects VALUES('CP002', 'GOVT002', 'Cont0014', 'Samridhi Realty Homes', '2020-05-30', 'DAYAL BAGH', 35, 61.86);
INSERT INTO Completed_Projects VALUES('CP003', 'GOVT002', 'Cont003', 'Supertech India', '2020-04-24', 'AGRA', 28, 137.66);
INSERT INTO Completed_Projects VALUES('CP004', 'GOVT005', 'Cont0025', 'Galaxy Dream Homes', '2020-11-21', 'CHITAURA', 42, 52.84);
INSERT INTO Completed_Projects VALUES('CP005', 'GOVT006', 'Cont0030', 'Viridian RED Group', '2020-01-07', 'AGRA', 46, 107.8);
INSERT INTO Completed_Projects VALUES('CP006', 'GOVT005', 'Cont0023', 'Ajnara India', '2020-04-05', 'FATEHABAD', 34, 98.41);
INSERT INTO Completed_Projects VALUES('CP007', 'GOVT001', 'Cont0010', 'Ishaan Properties', '2020-11-14', 'HOLIPURA', 44, 121.41);
INSERT INTO Completed_Projects VALUES('CP008', 'GOVT002', 'Cont0011', 'Kalpataru Vista', '2020-07-17', 'KALAL KHERIA', 33, 60.88);
INSERT INTO Completed_Projects VALUES('CP009', 'GOVT001', 'Cont0023', 'Chintels Paradiso', '2020-08-20', 'BEHTAGOKUL', 40, 131.61);
INSERT INTO Completed_Projects VALUES('CP0010', 'GOVT002', 'Cont0023', 'Emaar Digihomes', '2020-04-07', 'MADHOGANJ', 39, 108.18);
INSERT INTO Completed_Projects VALUES('CP0011', 'GOVT003', 'Cont0019', 'Mapsko Mount Ville', '2020-02-14', 'SURSA', 30, 86.36);
INSERT INTO Completed_Projects VALUES('CP0012', 'GOVT001', 'Cont0010', 'Gulshan Dynasty', '2020-02-02', 'HARPALPUR', 43, 55.02);
INSERT INTO Completed_Projects VALUES('CP0013', 'GOVT002', 'Cont005', 'Godrej Woods', '2020-02-03', 'HARDOI', 50, 99.57);
INSERT INTO Completed_Projects VALUES('CP0014', 'GOVT002', 'Cont008', 'Purvanchal Royal City', '2020-06-23', 'RENGAI', 51, 136.33);
INSERT INTO Completed_Projects VALUES('CP0015', 'GOVT002', 'Cont0014', 'ATS Destinaire', '2020-01-23', 'HARPALPUR', 35, 149.41);
INSERT INTO Completed_Projects VALUES('CP0016', 'GOVT003', 'Cont0014', 'ATS Pious Hideaways', '2020-06-05', 'AGRA', 38, 89.53);
INSERT INTO Completed_Projects VALUES('CP0017', 'GOVT006', 'Cont0030', 'Assotech Blith', '2020-03-27', 'AGRA', 55, 77.6);
INSERT INTO Completed_Projects VALUES('CP0018', 'GOVT002', 'Cont0018', 'Ivy County', '2020-08-29', 'AGRA', 27, 116.58);
INSERT INTO Completed_Projects VALUES('CP0019', 'GOVT006', 'Cont0012', 'Tulip Leaf', '2020-10-22', 'MADHOGANJ', 53, 77.41);
INSERT INTO Completed_Projects VALUES('CP0020', 'GOVT005', 'Cont004', 'Civitech Stadia', '2020-04-05', 'SURSA', 30, 59.47);
INSERT INTO Completed_Projects VALUES('CP0021', 'GOVT004', 'Cont005', 'ABA Cleo County', '2020-09-10', 'Bombay', 42, 73.14);
INSERT INTO Completed_Projects VALUES('CP0022', 'GOVT001', 'Cont008', 'Assotech Blith', '2020-06-26', 'Bangalore', 28, 90.58);
INSERT INTO Completed_Projects VALUES('CP0023', 'GOVT004', 'Cont0031', 'Adani M2K Oyster Grande', '2020-09-10', 'Delhi', 29, 132.6);
INSERT INTO Completed_Projects VALUES('CP0024', 'GOVT003', 'Cont0028', 'Prateek Canary', '2020-10-14', 'fazilka', 54, 82.68);
INSERT INTO Completed_Projects VALUES('CP0025', 'GOVT004', 'Cont0015', 'Arocon Rainbow', '2020-12-15', 'Ludhiana', 35, 95.12);
INSERT INTO Completed_Projects VALUES('CP0026', 'GOVT005', 'Cont006', 'Signature Global Aspire', '2020-11-05', 'Mathura', 58, 120.4);
INSERT INTO Completed_Projects VALUES('CP0027', 'GOVT003', 'Cont0023', 'Gulshan Ikebana', '2020-06-02', 'Delhi', 34, 139.94);
INSERT INTO Completed_Projects VALUES('CP0028', 'GOVT001', 'Cont002', 'T and T Eutopia', '2020-01-10', 'AGRA', 29, 130.89);
INSERT INTO Completed_Projects VALUES('CP0029', 'GOVT006', 'Cont0028', 'ACE Parkway', '2020-09-13', 'MADHOGANJ', 33, 66.98);
INSERT INTO Completed_Projects VALUES('CP0030', 'GOVT002', 'Cont0027', 'Mahagun Mezzaria Realty', '2020-12-09', 'SURSA', 52, 81.23);
INSERT INTO Completed_Projects VALUES('CP0031', 'GOVT004', 'Cont001', 'Parx Laureate', '2020-07-27', 'Bombay', 25, 56.75);
INSERT INTO Completed_Projects VALUES('CP0032', 'GOVT001', 'Cont0014', 'Land craft Golflinks', '2020-04-29', 'Bangalore', 60, 54.26);
INSERT INTO Completed_Projects VALUES('CP0033', 'GOVT002', 'Cont0026', 'Chintels Serenity Realty', '2020-05-08', 'Delhi', 25, 148.27);
INSERT INTO Completed_Projects VALUES('CP0034', 'GOVT003', 'Cont0018', 'DLF The Ultima', '2020-03-27', 'fazilka', 34, 75.7);
INSERT INTO Completed_Projects VALUES('CP0035', 'GOVT006', 'Cont0028', 'Sikka Kaamna Greens', '2020-10-20', 'Ludhiana', 46, 79.31);
INSERT INTO Completed_Projects VALUES('CP0036', 'GOVT006', 'Cont0023', 'DLF The Crest', '2020-09-01', 'Mathura', 45, 123.85);
INSERT INTO Completed_Projects VALUES('CP0037', 'GOVT005', 'Cont0024', 'Hero Homes', '2020-02-21', 'Delhi', 43, 122.16);
INSERT INTO Completed_Projects VALUES('CP0038', 'GOVT003', 'Cont0026', 'Bandhan Homes', '2020-07-12', 'SURSA', 45, 129.03);
INSERT INTO Completed_Projects VALUES('CP0039', 'GOVT005', 'Cont0018', 'Bestech Park View Sanskruti', '2020-08-13', 'Bombay', 41, 95.61);
INSERT INTO Completed_Projects VALUES('CP0040', 'GOVT004', 'Cont0028', 'Godrej Nest', '2020-10-29', 'Bangalore', 56, 76.85);



INSERT INTO houses_in_one_project VALUES('HP001', 'CP001', 'NO', null);
INSERT INTO houses_in_one_project VALUES('HP002', 'CP001', 'NO', null);
INSERT INTO houses_in_one_project VALUES('HP003', 'CP001', 'NO', null);
INSERT INTO houses_in_one_project VALUES('HP004', 'CP001', 'NO', null);
INSERT INTO houses_in_one_project VALUES('HP005', 'CP001', 'NO', null);
INSERT INTO houses_in_one_project VALUES('HP006', 'CP001', 'NO', null);
INSERT INTO houses_in_one_project VALUES('HP007', 'CP001', 'NO', null);
INSERT INTO houses_in_one_project VALUES('HP001', 'CP002', 'NO', null);
INSERT INTO houses_in_one_project VALUES('HP002', 'CP002', 'NO', null);
INSERT INTO houses_in_one_project VALUES('HP003', 'CP002', 'NO', null);
INSERT INTO houses_in_one_project VALUES('HP004', 'CP002', 'NO', null);
INSERT INTO houses_in_one_project VALUES('HP005', 'CP002', 'NO', null);
INSERT INTO houses_in_one_project VALUES('HP006', 'CP002', 'NO', null);
INSERT INTO houses_in_one_project VALUES('HP007', 'CP002', 'NO', null);
INSERT INTO houses_in_one_project VALUES('HP001', 'CP003', 'NO', null);
INSERT INTO houses_in_one_project VALUES('HP002', 'CP003', 'NO', null);
INSERT INTO houses_in_one_project VALUES('HP003', 'CP003', 'NO', null);
INSERT INTO houses_in_one_project VALUES('HP004', 'CP003', 'NO', null);
INSERT INTO houses_in_one_project VALUES('HP005', 'CP003', 'NO', null);
INSERT INTO houses_in_one_project VALUES('HP006', 'CP003', 'NO', null);
INSERT INTO houses_in_one_project VALUES('HP007', 'CP003', 'NO', null);
INSERT INTO houses_in_one_project VALUES('HP001', 'CP004', 'NO', null);
INSERT INTO houses_in_one_project VALUES('HP002', 'CP004', 'NO', null);
INSERT INTO houses_in_one_project VALUES('HP003', 'CP004', 'NO', null);
INSERT INTO houses_in_one_project VALUES('HP004', 'CP004', 'NO', null);
INSERT INTO houses_in_one_project VALUES('HP005', 'CP004', 'NO', null);
INSERT INTO houses_in_one_project VALUES('HP006', 'CP004', 'NO', null);
INSERT INTO houses_in_one_project VALUES('HP007', 'CP004', 'NO', null);
INSERT INTO houses_in_one_project VALUES('HP001', 'CP005', 'NO', null);
INSERT INTO houses_in_one_project VALUES('HP002', 'CP005', 'NO', null);
INSERT INTO houses_in_one_project VALUES('HP003', 'CP005', 'NO', null);
INSERT INTO houses_in_one_project VALUES('HP004', 'CP005', 'NO', null);
INSERT INTO houses_in_one_project VALUES('HP005', 'CP005', 'NO', null);
INSERT INTO houses_in_one_project VALUES('HP006', 'CP005', 'NO', null);
INSERT INTO houses_in_one_project VALUES('HP007', 'CP005', 'NO', null);
INSERT INTO houses_in_one_project VALUES('HP001', 'CP006', 'NO', null);
INSERT INTO houses_in_one_project VALUES('HP002', 'CP006', 'NO', null);
INSERT INTO houses_in_one_project VALUES('HP003', 'CP006', 'NO', null);
INSERT INTO houses_in_one_project VALUES('HP004', 'CP006', 'NO', null);
INSERT INTO houses_in_one_project VALUES('HP005', 'CP006', 'NO', null);
INSERT INTO houses_in_one_project VALUES('HP006', 'CP006', 'NO', null);
INSERT INTO houses_in_one_project VALUES('HP007', 'CP006', 'NO', null);
INSERT INTO houses_in_one_project VALUES('HP001', 'CP007', 'NO', null);
INSERT INTO houses_in_one_project VALUES('HP002', 'CP007', 'NO', null);
INSERT INTO houses_in_one_project VALUES('HP003', 'CP007', 'NO', null);
INSERT INTO houses_in_one_project VALUES('HP004', 'CP007', 'NO', null);
INSERT INTO houses_in_one_project VALUES('HP005', 'CP007', 'NO', null);
INSERT INTO houses_in_one_project VALUES('HP006', 'CP007', 'NO', null);
INSERT INTO houses_in_one_project VALUES('HP007', 'CP007', 'NO', null);
INSERT INTO houses_in_one_project VALUES('HP001', 'CP008', 'NO', null);
INSERT INTO houses_in_one_project VALUES('HP002', 'CP008', 'NO', null);
INSERT INTO houses_in_one_project VALUES('HP003', 'CP008', 'NO', null);
INSERT INTO houses_in_one_project VALUES('HP004', 'CP008', 'NO', null);
INSERT INTO houses_in_one_project VALUES('HP005', 'CP008', 'NO', null);
INSERT INTO houses_in_one_project VALUES('HP006', 'CP008', 'NO', null);
INSERT INTO houses_in_one_project VALUES('HP007', 'CP008', 'NO', null);
INSERT INTO houses_in_one_project VALUES('HP001', 'CP009', 'NO', null);
INSERT INTO houses_in_one_project VALUES('HP002', 'CP009', 'NO', null);
INSERT INTO houses_in_one_project VALUES('HP003', 'CP009', 'NO', null);
INSERT INTO houses_in_one_project VALUES('HP004', 'CP009', 'NO', null);
INSERT INTO houses_in_one_project VALUES('HP005', 'CP009', 'NO', null);
INSERT INTO houses_in_one_project VALUES('HP006', 'CP009', 'NO', null);
INSERT INTO houses_in_one_project VALUES('HP007', 'CP009', 'NO', null);
INSERT INTO houses_in_one_project VALUES('HP001', 'CP0010', 'NO', null);
INSERT INTO houses_in_one_project VALUES('HP002', 'CP0010', 'NO', null);
INSERT INTO houses_in_one_project VALUES('HP003', 'CP0010', 'NO', null);
INSERT INTO houses_in_one_project VALUES('HP004', 'CP0010', 'NO', null);
INSERT INTO houses_in_one_project VALUES('HP005', 'CP0010', 'NO', null);
INSERT INTO houses_in_one_project VALUES('HP006', 'CP0010', 'NO', null);
INSERT INTO houses_in_one_project VALUES('HP007', 'CP0010', 'NO', null);
INSERT INTO houses_in_one_project VALUES('HP001', 'CP0011', 'NO', null);
INSERT INTO houses_in_one_project VALUES('HP002', 'CP0011', 'NO', null);
INSERT INTO houses_in_one_project VALUES('HP003', 'CP0011', 'NO', null);
INSERT INTO houses_in_one_project VALUES('HP004', 'CP0011', 'NO', null);
INSERT INTO houses_in_one_project VALUES('HP005', 'CP0011', 'NO', null);
INSERT INTO houses_in_one_project VALUES('HP006', 'CP0011', 'NO', null);
INSERT INTO houses_in_one_project VALUES('HP007', 'CP0011', 'NO', null);
INSERT INTO houses_in_one_project VALUES('HP008', 'CP0011', 'NO', null);
INSERT INTO houses_in_one_project VALUES('HP001', 'CP0012', 'NO', null);
INSERT INTO houses_in_one_project VALUES('HP002', 'CP0012', 'NO', null);
INSERT INTO houses_in_one_project VALUES('HP003', 'CP0012', 'NO', null);
INSERT INTO houses_in_one_project VALUES('HP004', 'CP0012', 'NO', null);
INSERT INTO houses_in_one_project VALUES('HP005', 'CP0012', 'NO', null);
INSERT INTO houses_in_one_project VALUES('HP006', 'CP0012', 'NO', null);
INSERT INTO houses_in_one_project VALUES('HP007', 'CP0012', 'NO', null);
INSERT INTO houses_in_one_project VALUES('HP008', 'CP0012', 'NO', null);
INSERT INTO houses_in_one_project VALUES('HP001', 'CP0013', 'NO', null);
INSERT INTO houses_in_one_project VALUES('HP002', 'CP0013', 'NO', null);
INSERT INTO houses_in_one_project VALUES('HP003', 'CP0013', 'NO', null);
INSERT INTO houses_in_one_project VALUES('HP004', 'CP0013', 'NO', null);
INSERT INTO houses_in_one_project VALUES('HP005', 'CP0013', 'NO', null);
INSERT INTO houses_in_one_project VALUES('HP006', 'CP0013', 'NO', null);
INSERT INTO houses_in_one_project VALUES('HP007', 'CP0013', 'NO', null);
INSERT INTO houses_in_one_project VALUES('HP008', 'CP0013', 'NO', null);
INSERT INTO houses_in_one_project VALUES('HP001', 'CP0014', 'NO', null);
INSERT INTO houses_in_one_project VALUES('HP002', 'CP0014', 'NO', null);
INSERT INTO houses_in_one_project VALUES('HP003', 'CP0014', 'NO', null);
INSERT INTO houses_in_one_project VALUES('HP004', 'CP0014', 'NO', null);
INSERT INTO houses_in_one_project VALUES('HP005', 'CP0014', 'NO', null);
INSERT INTO houses_in_one_project VALUES('HP006', 'CP0014', 'NO', null);
INSERT INTO houses_in_one_project VALUES('HP007', 'CP0014', 'NO', null);
INSERT INTO houses_in_one_project VALUES('HP008', 'CP0014', 'NO', null);
INSERT INTO houses_in_one_project VALUES('HP001', 'CP0015', 'NO', null);
INSERT INTO houses_in_one_project VALUES('HP002', 'CP0015', 'NO', null);
INSERT INTO houses_in_one_project VALUES('HP003', 'CP0015', 'NO', null);
INSERT INTO houses_in_one_project VALUES('HP004', 'CP0015', 'NO', null);
INSERT INTO houses_in_one_project VALUES('HP005', 'CP0015', 'NO', null);
INSERT INTO houses_in_one_project VALUES('HP006', 'CP0015', 'NO', null);
INSERT INTO houses_in_one_project VALUES('HP007', 'CP0015', 'NO', null);
INSERT INTO houses_in_one_project VALUES('HP008', 'CP0015', 'NO', null);
INSERT INTO houses_in_one_project VALUES('HP001', 'CP0016', 'NO', null);
INSERT INTO houses_in_one_project VALUES('HP002', 'CP0016', 'NO', null);
INSERT INTO houses_in_one_project VALUES('HP003', 'CP0016', 'NO', null);
INSERT INTO houses_in_one_project VALUES('HP004', 'CP0016', 'NO', null);
INSERT INTO houses_in_one_project VALUES('HP005', 'CP0016', 'NO', null);
INSERT INTO houses_in_one_project VALUES('HP006', 'CP0016', 'NO', null);
INSERT INTO houses_in_one_project VALUES('HP007', 'CP0016', 'NO', null);
INSERT INTO houses_in_one_project VALUES('HP008', 'CP0016', 'NO', null);
INSERT INTO houses_in_one_project VALUES('HP001', 'CP0017', 'NO', null);
INSERT INTO houses_in_one_project VALUES('HP002', 'CP0017', 'NO', null);
INSERT INTO houses_in_one_project VALUES('HP003', 'CP0017', 'NO', null);
INSERT INTO houses_in_one_project VALUES('HP004', 'CP0017', 'NO', null);
INSERT INTO houses_in_one_project VALUES('HP005', 'CP0017', 'NO', null);
INSERT INTO houses_in_one_project VALUES('HP006', 'CP0017', 'NO', null);
INSERT INTO houses_in_one_project VALUES('HP007', 'CP0017', 'NO', null);
INSERT INTO houses_in_one_project VALUES('HP008', 'CP0017', 'NO', null);
INSERT INTO houses_in_one_project VALUES('HP001', 'CP0018', 'NO', null);
INSERT INTO houses_in_one_project VALUES('HP002', 'CP0018', 'NO', null);
INSERT INTO houses_in_one_project VALUES('HP003', 'CP0018', 'NO', null);
INSERT INTO houses_in_one_project VALUES('HP004', 'CP0018', 'NO', null);
INSERT INTO houses_in_one_project VALUES('HP005', 'CP0018', 'NO', null);
INSERT INTO houses_in_one_project VALUES('HP006', 'CP0018', 'NO', null);
INSERT INTO houses_in_one_project VALUES('HP007', 'CP0018', 'NO', null);
INSERT INTO houses_in_one_project VALUES('HP008', 'CP0018', 'NO', null);
INSERT INTO houses_in_one_project VALUES('HP001', 'CP0019', 'NO', null);
INSERT INTO houses_in_one_project VALUES('HP002', 'CP0019', 'NO', null);
INSERT INTO houses_in_one_project VALUES('HP003', 'CP0019', 'NO', null);
INSERT INTO houses_in_one_project VALUES('HP004', 'CP0019', 'NO', null);
INSERT INTO houses_in_one_project VALUES('HP005', 'CP0019', 'NO', null);
INSERT INTO houses_in_one_project VALUES('HP006', 'CP0019', 'NO', null);
INSERT INTO houses_in_one_project VALUES('HP007', 'CP0019', 'NO', null);
INSERT INTO houses_in_one_project VALUES('HP008', 'CP0019', 'NO', null);
INSERT INTO houses_in_one_project VALUES('HP001', 'CP0020', 'NO', null);
INSERT INTO houses_in_one_project VALUES('HP002', 'CP0020', 'NO', null);
INSERT INTO houses_in_one_project VALUES('HP003', 'CP0020', 'NO', null);
INSERT INTO houses_in_one_project VALUES('HP004', 'CP0020', 'NO', null);
INSERT INTO houses_in_one_project VALUES('HP005', 'CP0020', 'NO', null);
INSERT INTO houses_in_one_project VALUES('HP006', 'CP0020', 'NO', null);
INSERT INTO houses_in_one_project VALUES('HP007', 'CP0020', 'NO', null);
INSERT INTO houses_in_one_project VALUES('HP008', 'CP0020', 'NO', null);
INSERT INTO houses_in_one_project VALUES('HP001', 'CP0021', 'NO', null);
INSERT INTO houses_in_one_project VALUES('HP002', 'CP0021', 'NO', null);
INSERT INTO houses_in_one_project VALUES('HP003', 'CP0021', 'NO', null);
INSERT INTO houses_in_one_project VALUES('HP004', 'CP0021', 'NO', null);
INSERT INTO houses_in_one_project VALUES('HP005', 'CP0021', 'NO', null);
INSERT INTO houses_in_one_project VALUES('HP006', 'CP0021', 'NO', null);
INSERT INTO houses_in_one_project VALUES('HP007', 'CP0021', 'NO', null);
INSERT INTO houses_in_one_project VALUES('HP008', 'CP0021', 'NO', null);
INSERT INTO houses_in_one_project VALUES('HP009', 'CP0021', 'NO', null);
INSERT INTO houses_in_one_project VALUES('HP001', 'CP0022', 'NO', null);
INSERT INTO houses_in_one_project VALUES('HP002', 'CP0022', 'NO', null);
INSERT INTO houses_in_one_project VALUES('HP003', 'CP0022', 'NO', null);
INSERT INTO houses_in_one_project VALUES('HP004', 'CP0022', 'NO', null);
INSERT INTO houses_in_one_project VALUES('HP005', 'CP0022', 'NO', null);
INSERT INTO houses_in_one_project VALUES('HP006', 'CP0022', 'NO', null);
INSERT INTO houses_in_one_project VALUES('HP007', 'CP0022', 'NO', null);
INSERT INTO houses_in_one_project VALUES('HP008', 'CP0022', 'NO', null);
INSERT INTO houses_in_one_project VALUES('HP009', 'CP0022', 'NO', null);
INSERT INTO houses_in_one_project VALUES('HP001', 'CP0023', 'NO', null);
INSERT INTO houses_in_one_project VALUES('HP002', 'CP0023', 'NO', null);
INSERT INTO houses_in_one_project VALUES('HP003', 'CP0023', 'NO', null);
INSERT INTO houses_in_one_project VALUES('HP004', 'CP0023', 'NO', null);
INSERT INTO houses_in_one_project VALUES('HP005', 'CP0023', 'NO', null);
INSERT INTO houses_in_one_project VALUES('HP006', 'CP0023', 'NO', null);
INSERT INTO houses_in_one_project VALUES('HP007', 'CP0023', 'NO', null);
INSERT INTO houses_in_one_project VALUES('HP008', 'CP0023', 'NO', null);
INSERT INTO houses_in_one_project VALUES('HP009', 'CP0023', 'NO', null);
INSERT INTO houses_in_one_project VALUES('HP001', 'CP0024', 'NO', null);
INSERT INTO houses_in_one_project VALUES('HP002', 'CP0024', 'NO', null);
INSERT INTO houses_in_one_project VALUES('HP003', 'CP0024', 'NO', null);
INSERT INTO houses_in_one_project VALUES('HP004', 'CP0024', 'NO', null);
INSERT INTO houses_in_one_project VALUES('HP005', 'CP0024', 'NO', null);
INSERT INTO houses_in_one_project VALUES('HP006', 'CP0024', 'NO', null);
INSERT INTO houses_in_one_project VALUES('HP007', 'CP0024', 'NO', null);
INSERT INTO houses_in_one_project VALUES('HP008', 'CP0024', 'NO', null);
INSERT INTO houses_in_one_project VALUES('HP009', 'CP0024', 'NO', null);
INSERT INTO houses_in_one_project VALUES('HP001', 'CP0025', 'NO', null);
INSERT INTO houses_in_one_project VALUES('HP002', 'CP0025', 'NO', null);
INSERT INTO houses_in_one_project VALUES('HP003', 'CP0025', 'NO', null);
INSERT INTO houses_in_one_project VALUES('HP004', 'CP0025', 'NO', null);
INSERT INTO houses_in_one_project VALUES('HP005', 'CP0025', 'NO', null);
INSERT INTO houses_in_one_project VALUES('HP006', 'CP0025', 'NO', null);
INSERT INTO houses_in_one_project VALUES('HP007', 'CP0025', 'NO', null);
INSERT INTO houses_in_one_project VALUES('HP008', 'CP0025', 'NO', null);
INSERT INTO houses_in_one_project VALUES('HP009', 'CP0025', 'NO', null);
INSERT INTO houses_in_one_project VALUES('HP001', 'CP0026', 'NO', null);
INSERT INTO houses_in_one_project VALUES('HP002', 'CP0026', 'NO', null);
INSERT INTO houses_in_one_project VALUES('HP003', 'CP0026', 'NO', null);
INSERT INTO houses_in_one_project VALUES('HP004', 'CP0026', 'NO', null);
INSERT INTO houses_in_one_project VALUES('HP005', 'CP0026', 'NO', null);
INSERT INTO houses_in_one_project VALUES('HP006', 'CP0026', 'NO', null);
INSERT INTO houses_in_one_project VALUES('HP007', 'CP0026', 'NO', null);
INSERT INTO houses_in_one_project VALUES('HP008', 'CP0026', 'NO', null);
INSERT INTO houses_in_one_project VALUES('HP009', 'CP0026', 'NO', null);
INSERT INTO houses_in_one_project VALUES('HP001', 'CP0027', 'NO', null);
INSERT INTO houses_in_one_project VALUES('HP002', 'CP0027', 'NO', null);
INSERT INTO houses_in_one_project VALUES('HP003', 'CP0027', 'NO', null);
INSERT INTO houses_in_one_project VALUES('HP004', 'CP0027', 'NO', null);
INSERT INTO houses_in_one_project VALUES('HP005', 'CP0027', 'NO', null);
INSERT INTO houses_in_one_project VALUES('HP006', 'CP0027', 'NO', null);
INSERT INTO houses_in_one_project VALUES('HP007', 'CP0027', 'NO', null);
INSERT INTO houses_in_one_project VALUES('HP008', 'CP0027', 'NO', null);
INSERT INTO houses_in_one_project VALUES('HP009', 'CP0027', 'NO', null);
INSERT INTO houses_in_one_project VALUES('HP001', 'CP0028', 'NO', null);
INSERT INTO houses_in_one_project VALUES('HP002', 'CP0028', 'NO', null);
INSERT INTO houses_in_one_project VALUES('HP003', 'CP0028', 'NO', null);
INSERT INTO houses_in_one_project VALUES('HP004', 'CP0028', 'NO', null);
INSERT INTO houses_in_one_project VALUES('HP005', 'CP0028', 'NO', null);
INSERT INTO houses_in_one_project VALUES('HP006', 'CP0028', 'NO', null);
INSERT INTO houses_in_one_project VALUES('HP007', 'CP0028', 'NO', null);
INSERT INTO houses_in_one_project VALUES('HP008', 'CP0028', 'NO', null);
INSERT INTO houses_in_one_project VALUES('HP009', 'CP0028', 'NO', null);
INSERT INTO houses_in_one_project VALUES('HP001', 'CP0029', 'NO', null);
INSERT INTO houses_in_one_project VALUES('HP002', 'CP0029', 'NO', null);
INSERT INTO houses_in_one_project VALUES('HP003', 'CP0029', 'NO', null);
INSERT INTO houses_in_one_project VALUES('HP004', 'CP0029', 'NO', null);
INSERT INTO houses_in_one_project VALUES('HP005', 'CP0029', 'NO', null);
INSERT INTO houses_in_one_project VALUES('HP006', 'CP0029', 'NO', null);
INSERT INTO houses_in_one_project VALUES('HP007', 'CP0029', 'NO', null);
INSERT INTO houses_in_one_project VALUES('HP008', 'CP0029', 'NO', null);
INSERT INTO houses_in_one_project VALUES('HP009', 'CP0029', 'NO', null);
INSERT INTO houses_in_one_project VALUES('HP001', 'CP0030', 'NO', null);
INSERT INTO houses_in_one_project VALUES('HP002', 'CP0030', 'NO', null);
INSERT INTO houses_in_one_project VALUES('HP003', 'CP0030', 'NO', null);
INSERT INTO houses_in_one_project VALUES('HP004', 'CP0030', 'NO', null);
INSERT INTO houses_in_one_project VALUES('HP005', 'CP0030', 'NO', null);
INSERT INTO houses_in_one_project VALUES('HP006', 'CP0030', 'NO', null);
INSERT INTO houses_in_one_project VALUES('HP007', 'CP0030', 'NO', null);
INSERT INTO houses_in_one_project VALUES('HP008', 'CP0030', 'NO', null);
INSERT INTO houses_in_one_project VALUES('HP009', 'CP0030', 'NO', null);
INSERT INTO houses_in_one_project VALUES('HP001', 'CP0031', 'NO', null);
INSERT INTO houses_in_one_project VALUES('HP002', 'CP0031', 'NO', null);
INSERT INTO houses_in_one_project VALUES('HP003', 'CP0031', 'NO', null);
INSERT INTO houses_in_one_project VALUES('HP004', 'CP0031', 'NO', null);
INSERT INTO houses_in_one_project VALUES('HP005', 'CP0031', 'NO', null);
INSERT INTO houses_in_one_project VALUES('HP006', 'CP0031', 'NO', null);
INSERT INTO houses_in_one_project VALUES('HP007', 'CP0031', 'NO', null);
INSERT INTO houses_in_one_project VALUES('HP008', 'CP0031', 'NO', null);
INSERT INTO houses_in_one_project VALUES('HP009', 'CP0031', 'NO', null);
INSERT INTO houses_in_one_project VALUES('HP0010', 'CP0031', 'NO', null);
INSERT INTO houses_in_one_project VALUES('HP001', 'CP0032', 'NO', null);
INSERT INTO houses_in_one_project VALUES('HP002', 'CP0032', 'NO', null);
INSERT INTO houses_in_one_project VALUES('HP003', 'CP0032', 'NO', null);
INSERT INTO houses_in_one_project VALUES('HP004', 'CP0032', 'NO', null);
INSERT INTO houses_in_one_project VALUES('HP005', 'CP0032', 'NO', null);
INSERT INTO houses_in_one_project VALUES('HP006', 'CP0032', 'NO', null);
INSERT INTO houses_in_one_project VALUES('HP007', 'CP0032', 'NO', null);
INSERT INTO houses_in_one_project VALUES('HP008', 'CP0032', 'NO', null);
INSERT INTO houses_in_one_project VALUES('HP009', 'CP0032', 'NO', null);
INSERT INTO houses_in_one_project VALUES('HP0010', 'CP0032', 'NO', null);
INSERT INTO houses_in_one_project VALUES('HP001', 'CP0033', 'NO', null);
INSERT INTO houses_in_one_project VALUES('HP002', 'CP0033', 'NO', null);
INSERT INTO houses_in_one_project VALUES('HP003', 'CP0033', 'NO', null);
INSERT INTO houses_in_one_project VALUES('HP004', 'CP0033', 'NO', null);
INSERT INTO houses_in_one_project VALUES('HP005', 'CP0033', 'NO', null);
INSERT INTO houses_in_one_project VALUES('HP006', 'CP0033', 'NO', null);
INSERT INTO houses_in_one_project VALUES('HP007', 'CP0033', 'NO', null);
INSERT INTO houses_in_one_project VALUES('HP008', 'CP0033', 'NO', null);
INSERT INTO houses_in_one_project VALUES('HP009', 'CP0033', 'NO', null);
INSERT INTO houses_in_one_project VALUES('HP0010', 'CP0033', 'NO', null);
INSERT INTO houses_in_one_project VALUES('HP001', 'CP0034', 'NO', null);
INSERT INTO houses_in_one_project VALUES('HP002', 'CP0034', 'NO', null);
INSERT INTO houses_in_one_project VALUES('HP003', 'CP0034', 'NO', null);
INSERT INTO houses_in_one_project VALUES('HP004', 'CP0034', 'NO', null);
INSERT INTO houses_in_one_project VALUES('HP005', 'CP0034', 'NO', null);
INSERT INTO houses_in_one_project VALUES('HP006', 'CP0034', 'NO', null);
INSERT INTO houses_in_one_project VALUES('HP007', 'CP0034', 'NO', null);
INSERT INTO houses_in_one_project VALUES('HP008', 'CP0034', 'NO', null);
INSERT INTO houses_in_one_project VALUES('HP009', 'CP0034', 'NO', null);
INSERT INTO houses_in_one_project VALUES('HP0010', 'CP0034', 'NO', null);
INSERT INTO houses_in_one_project VALUES('HP001', 'CP0035', 'NO', null);
INSERT INTO houses_in_one_project VALUES('HP002', 'CP0035', 'NO', null);
INSERT INTO houses_in_one_project VALUES('HP003', 'CP0035', 'NO', null);
INSERT INTO houses_in_one_project VALUES('HP004', 'CP0035', 'NO', null);
INSERT INTO houses_in_one_project VALUES('HP005', 'CP0035', 'NO', null);
INSERT INTO houses_in_one_project VALUES('HP006', 'CP0035', 'NO', null);
INSERT INTO houses_in_one_project VALUES('HP007', 'CP0035', 'NO', null);
INSERT INTO houses_in_one_project VALUES('HP008', 'CP0035', 'NO', null);
INSERT INTO houses_in_one_project VALUES('HP009', 'CP0035', 'NO', null);
INSERT INTO houses_in_one_project VALUES('HP0010', 'CP0035', 'NO', null);
INSERT INTO houses_in_one_project VALUES('HP001', 'CP0036', 'NO', null);
INSERT INTO houses_in_one_project VALUES('HP002', 'CP0036', 'NO', null);
INSERT INTO houses_in_one_project VALUES('HP003', 'CP0036', 'NO', null);
INSERT INTO houses_in_one_project VALUES('HP004', 'CP0036', 'NO', null);
INSERT INTO houses_in_one_project VALUES('HP005', 'CP0036', 'NO', null);
INSERT INTO houses_in_one_project VALUES('HP006', 'CP0036', 'NO', null);
INSERT INTO houses_in_one_project VALUES('HP007', 'CP0036', 'NO', null);
INSERT INTO houses_in_one_project VALUES('HP008', 'CP0036', 'NO', null);
INSERT INTO houses_in_one_project VALUES('HP009', 'CP0036', 'NO', null);
INSERT INTO houses_in_one_project VALUES('HP0010', 'CP0036', 'NO', null);
INSERT INTO houses_in_one_project VALUES('HP001', 'CP0037', 'NO', null);
INSERT INTO houses_in_one_project VALUES('HP002', 'CP0037', 'NO', null);
INSERT INTO houses_in_one_project VALUES('HP003', 'CP0037', 'NO', null);
INSERT INTO houses_in_one_project VALUES('HP004', 'CP0037', 'NO', null);
INSERT INTO houses_in_one_project VALUES('HP005', 'CP0037', 'NO', null);
INSERT INTO houses_in_one_project VALUES('HP006', 'CP0037', 'NO', null);
INSERT INTO houses_in_one_project VALUES('HP007', 'CP0037', 'NO', null);
INSERT INTO houses_in_one_project VALUES('HP008', 'CP0037', 'NO', null);
INSERT INTO houses_in_one_project VALUES('HP009', 'CP0037', 'NO', null);
INSERT INTO houses_in_one_project VALUES('HP0010', 'CP0037', 'NO', null);
INSERT INTO houses_in_one_project VALUES('HP001', 'CP0038', 'NO', null);
INSERT INTO houses_in_one_project VALUES('HP002', 'CP0038', 'NO', null);
INSERT INTO houses_in_one_project VALUES('HP003', 'CP0038', 'NO', null);
INSERT INTO houses_in_one_project VALUES('HP004', 'CP0038', 'NO', null);
INSERT INTO houses_in_one_project VALUES('HP005', 'CP0038', 'NO', null);
INSERT INTO houses_in_one_project VALUES('HP006', 'CP0038', 'NO', null);
INSERT INTO houses_in_one_project VALUES('HP007', 'CP0038', 'NO', null);
INSERT INTO houses_in_one_project VALUES('HP008', 'CP0038', 'NO', null);
INSERT INTO houses_in_one_project VALUES('HP009', 'CP0038', 'NO', null);
INSERT INTO houses_in_one_project VALUES('HP0010', 'CP0038', 'NO', null);
INSERT INTO houses_in_one_project VALUES('HP001', 'CP0039', 'NO', null);
INSERT INTO houses_in_one_project VALUES('HP002', 'CP0039', 'NO', null);
INSERT INTO houses_in_one_project VALUES('HP003', 'CP0039', 'NO', null);
INSERT INTO houses_in_one_project VALUES('HP004', 'CP0039', 'NO', null);
INSERT INTO houses_in_one_project VALUES('HP005', 'CP0039', 'NO', null);
INSERT INTO houses_in_one_project VALUES('HP006', 'CP0039', 'NO', null);
INSERT INTO houses_in_one_project VALUES('HP007', 'CP0039', 'NO', null);
INSERT INTO houses_in_one_project VALUES('HP008', 'CP0039', 'NO', null);
INSERT INTO houses_in_one_project VALUES('HP009', 'CP0039', 'NO', null);
INSERT INTO houses_in_one_project VALUES('HP0010', 'CP0039', 'NO', null);
INSERT INTO houses_in_one_project VALUES('HP001', 'CP0040', 'NO', null);
INSERT INTO houses_in_one_project VALUES('HP002', 'CP0040', 'NO', null);
INSERT INTO houses_in_one_project VALUES('HP003', 'CP0040', 'NO', null);
INSERT INTO houses_in_one_project VALUES('HP004', 'CP0040', 'NO', null);
INSERT INTO houses_in_one_project VALUES('HP005', 'CP0040', 'NO', null);
INSERT INTO houses_in_one_project VALUES('HP006', 'CP0040', 'NO', null);
INSERT INTO houses_in_one_project VALUES('HP007', 'CP0040', 'NO', null);
INSERT INTO houses_in_one_project VALUES('HP008', 'CP0040', 'NO', null);
INSERT INTO houses_in_one_project VALUES('HP009', 'CP0040', 'NO', null);
INSERT INTO houses_in_one_project VALUES('HP0010', 'CP0040', 'NO', null);







-- assigned 5 ongoing projects to contractors

UPDATE `AVAAS2`.`ongoing_projects` SET `p_contractor_id` = 'Cont005', `assigned` = 'YES', `completion_percentage` = '12.45' WHERE (`ongoing_project_id` = 'ONGP0014');
UPDATE `AVAAS2`.`ongoing_projects` SET `p_contractor_id` = 'Cont004', `assigned` = 'YES', `completion_percentage` = '31.65' WHERE (`ongoing_project_id` = 'ONGP0013');
UPDATE `AVAAS2`.`ongoing_projects` SET `p_contractor_id` = 'Cont0030', `assigned` = 'YES', `completion_percentage` = '25.45' WHERE (`ongoing_project_id` = 'ONGP0012');
UPDATE `AVAAS2`.`ongoing_projects` SET `p_contractor_id` = 'Cont0011', `assigned` = 'YES', `completion_percentage` = '15.25' WHERE (`ongoing_project_id` = 'ONGP0010');
UPDATE `AVAAS2`.`ongoing_projects` SET `p_contractor_id` = 'Cont0015', `assigned` = 'YES', `completion_percentage` = '18.48' WHERE (`ongoing_project_id` = 'ONGP0015');

-- supplies for ongoing projects
INSERT INTO supplies VALUES('ONGP0014', 3, 2, 1);
INSERT INTO supplies VALUES('ONGP0013', 4, 5, 8);
INSERT INTO supplies VALUES('ONGP0012', 3, 4, 6);
INSERT INTO supplies VALUES('ONGP0010', 2, 5, 6);
INSERT INTO supplies VALUES('ONGP0015', 5, 7, 9);


-- values for project applicants table
INSERT INTO project_applicants VALUES('Cont009','ONGP001','Under review','2021-05-29 23:39:36',16.14);
INSERT INTO project_applicants VALUES('Cont0028','ONGP001','Under review','2021-03-12 17:22:51',80.01);
INSERT INTO project_applicants VALUES('Cont0022','ONGP001','Under review','2019-09-20 18:10:12',60.75);
INSERT INTO project_applicants VALUES('Cont0031','ONGP001','Under review','2019-01-22 23:16:47',24.9);
INSERT INTO project_applicants VALUES('Cont002','ONGP001','Under review','2021-04-13 15:25:28',45.68);
INSERT INTO project_applicants VALUES('Cont009','ONGP002','Under review','2020-03-24 11:15:50',29.55);
INSERT INTO project_applicants VALUES('Cont003','ONGP002','Under review','2021-02-19 23:28:29',17.7);
INSERT INTO project_applicants VALUES('Cont0016','ONGP002','Under review','2020-02-28 19:34:54',29.25);
INSERT INTO project_applicants VALUES('Cont0024','ONGP002','Under review','2019-09-26 20:53:35',82.75);
INSERT INTO project_applicants VALUES('Cont002','ONGP002','Under review','2021-05-10 12:38:37',58.52);
INSERT INTO project_applicants VALUES('Cont002','ONGP003','Under review','2021-02-12 20:52:33',84.7);
INSERT INTO project_applicants VALUES('Cont0024','ONGP003','Under review','2019-09-29 17:18:38',21.15);
INSERT INTO project_applicants VALUES('Cont0018','ONGP003','Under review','2021-04-19 21:45:24',17.87);
INSERT INTO project_applicants VALUES('Cont0026','ONGP003','Under review','2021-03-19 14:24:11',74.46);
INSERT INTO project_applicants VALUES('Cont0028','ONGP003','Under review','2021-04-15 16:33:21',2.66);
INSERT INTO project_applicants VALUES('Cont0019','ONGP004','Under review','2021-04-24 23:13:31',51.82);
INSERT INTO project_applicants VALUES('Cont003','ONGP004','Under review','2019-04-11 14:35:52',17.61);
INSERT INTO project_applicants VALUES('Cont002','ONGP004','Under review','2021-01-29 21:31:50',49.87);
INSERT INTO project_applicants VALUES('Cont0014','ONGP004','Under review','2020-08-19 17:32:52',88.86);
INSERT INTO project_applicants VALUES('Cont0031','ONGP004','Under review','2019-08-29 15:32:12',35.13);
INSERT INTO project_applicants VALUES('Cont0026','ONGP005','Under review','2021-03-11 22:34:53',84.19);
INSERT INTO project_applicants VALUES('Cont0019','ONGP005','Under review','2019-03-11 23:35:45',65.58);
INSERT INTO project_applicants VALUES('Cont0017','ONGP005','Under review','2019-04-14 10:56:40',44.14);
INSERT INTO project_applicants VALUES('Cont003','ONGP005','Under review','2019-09-24 15:41:16',75.26);
INSERT INTO project_applicants VALUES('Cont0022','ONGP005','Under review','2019-04-19 16:21:14',54.11);
INSERT INTO project_applicants VALUES('Cont0024','ONGP006','Under review','2019-05-20 21:26:24',54.8);
INSERT INTO project_applicants VALUES('Cont0029','ONGP006','Under review','2019-05-24 14:48:10',31.08);
INSERT INTO project_applicants VALUES('Cont0022','ONGP006','Under review','2019-03-28 17:54:48',79.17);
INSERT INTO project_applicants VALUES('Cont002','ONGP006','Under review','2020-05-14 15:17:23',57.78);
INSERT INTO project_applicants VALUES('Cont0017','ONGP006','Under review','2021-01-27 14:55:55',49.73);
INSERT INTO project_applicants VALUES('Cont0016','ONGP007','Under review','2020-07-22 20:40:43',73.2);
INSERT INTO project_applicants VALUES('Cont0019','ONGP007','Under review','2020-02-26 22:40:37',83.94);
INSERT INTO project_applicants VALUES('Cont0020','ONGP007','Under review','2019-02-26 18:53:36',19.94);
INSERT INTO project_applicants VALUES('Cont0018','ONGP007','Under review','2020-01-26 12:46:32',24.33);
INSERT INTO project_applicants VALUES('Cont002','ONGP007','Under review','2021-05-28 11:21:57',62.18);
INSERT INTO project_applicants VALUES('Cont002','ONGP008','Under review','2020-02-23 19:30:42',13.77);
INSERT INTO project_applicants VALUES('Cont003','ONGP008','Under review','2019-01-20 14:55:33',27.03);
INSERT INTO project_applicants VALUES('Cont0022','ONGP008','Under review','2021-05-25 18:36:38',57.81);
INSERT INTO project_applicants VALUES('Cont0010','ONGP008','Under review','2020-02-23 12:15:52',68.57);
INSERT INTO project_applicants VALUES('Cont001','ONGP008','Under review','2019-06-10 12:15:52',3.54);
INSERT INTO project_applicants VALUES('Cont0031','ONGP009','Under review','2020-03-30 16:40:47',27.71);
INSERT INTO project_applicants VALUES('Cont0022','ONGP009','Under review','2019-03-24 13:11:53',56.7);
INSERT INTO project_applicants VALUES('Cont007','ONGP009','Under review','2021-04-27 23:22:28',10.7);
INSERT INTO project_applicants VALUES('Cont0021','ONGP009','Under review','2020-03-14 10:51:23',40.39);
INSERT INTO project_applicants VALUES('Cont0028','ONGP009','Under review','2021-09-16 14:17:31',26.29);
INSERT INTO project_applicants VALUES('Cont0024','ONGP0011','Under review','2019-05-20 21:26:24',54.8);
INSERT INTO project_applicants VALUES('Cont0029','ONGP0011','Under review','2019-05-24 14:48:10',31.08);
INSERT INTO project_applicants VALUES('Cont0022','ONGP0011','Under review','2019-03-28 17:54:48',79.17);
INSERT INTO project_applicants VALUES('Cont002','ONGP0011','Under review','2020-05-14 15:17:23',57.78);
INSERT INTO project_applicants VALUES('Cont0017','ONGP0011','Under review','2021-01-27 14:55:55',49.73)

INSERT INTO project_applicants VALUES('Cont005','ONGP0014','Assigned','2021-05-29 23:39:36',26.14);
INSERT INTO project_applicants VALUES('Cont0026','ONGP0014','Not assigned','2021-06-19 23:29:36',36.18);
INSERT INTO project_applicants VALUES('Cont009','ONGP0014','Not assigned','2021-04-21 13:39:26',46.24);
INSERT INTO project_applicants VALUES('Cont004','ONGP0013','Assigned','2021-04-19 23:39:36',26.14);
INSERT INTO project_applicants VALUES('Cont002','ONGP0013','Not assigned','2021-06-19 13:29:36',56.18);
INSERT INTO project_applicants VALUES('Cont007','ONGP0013','Not assigned','2021-07-11 16:19:56',46.64);
INSERT INTO project_applicants VALUES('Cont0030','ONGP0012','Assigned','2021-02-22 03:49:16',26.54);
INSERT INTO project_applicants VALUES('Cont001','ONGP0012','Not assigned','2020-11-19 23:29:36',36.17);
INSERT INTO project_applicants VALUES('Cont003','ONGP0012','Not assigned','2021-03-25 15:29:16',66.14);
INSERT INTO project_applicants VALUES('Cont0011','ONGP0010','Assigned','2021-02-19 23:39:36',36.15);
INSERT INTO project_applicants VALUES('Cont0026','ONGP0010','Not assigned','2021-06-29 13:29:36',56.98);
INSERT INTO project_applicants VALUES('Cont008','ONGP0010','Not assigned','2021-05-11 17:36:46',66.14);
INSERT INTO project_applicants VALUES('Cont0015','ONGP0015','Assigned','2021-12-09 13:39:47',56.16);
INSERT INTO project_applicants VALUES('Cont0028','ONGP0015','Not assigned','2021-05-10 12:25:16',66.58);
INSERT INTO project_applicants VALUES('Cont0029','ONGP0015','Not assigned','2021-03-20 14:33:19',77.34);


INSERT INTO public_competence VALUES('PUB001','A',2,'YES');
INSERT INTO public_competence VALUES('PUB002','B',1,'YES');
INSERT INTO public_competence VALUES('PUB003','A',2,'YES');
INSERT INTO public_competence VALUES('PUB004','A',2,'YES');
INSERT INTO public_competence VALUES('PUB005','A',2,'YES');
INSERT INTO public_competence VALUES('PUB006','A',2,'YES');
INSERT INTO public_competence VALUES('PUB007','A',2,'YES');
INSERT INTO public_competence VALUES('PUB008','C',3,'YES');
INSERT INTO public_competence VALUES('PUB009','A',2,'YES');
INSERT INTO public_competence VALUES('PUB0010','A',2,'YES');
INSERT INTO public_competence VALUES('PUB0011','C',3,'YES');
INSERT INTO public_competence VALUES('PUB0012','C',3,'YES');
INSERT INTO public_competence VALUES('PUB0013','C',3,'YES');
INSERT INTO public_competence VALUES('PUB0014','B',1,'YES');
INSERT INTO public_competence VALUES('PUB0015','B',1,'YES');
INSERT INTO public_competence VALUES('PUB0016','C',3,'YES');
INSERT INTO public_competence VALUES('PUB0017','B',1,'YES');
INSERT INTO public_competence VALUES('PUB0018','A',2,'YES');
INSERT INTO public_competence VALUES('PUB0019','B',1,'YES');
INSERT INTO public_competence VALUES('PUB0020','A',2,'YES');
INSERT INTO public_competence VALUES('PUB0021','A',2,'YES');
INSERT INTO public_competence VALUES('PUB0022','A',2,'YES');
INSERT INTO public_competence VALUES('PUB0023','A',2,'YES');
INSERT INTO public_competence VALUES('PUB0024','B',1,'YES');
INSERT INTO public_competence VALUES('PUB0025','C',3,'YES');
INSERT INTO public_competence VALUES('PUB0026','A',2,'YES');
INSERT INTO public_competence VALUES('PUB0027','B',1,'YES');
INSERT INTO public_competence VALUES('PUB0028','A',2,'YES');
INSERT INTO public_competence VALUES('PUB0029','B',1,'YES');
INSERT INTO public_competence VALUES('PUB0030','B',1,'YES');
INSERT INTO public_competence VALUES('PUB0031','C',3,'YES');
INSERT INTO public_competence VALUES('PUB0032','A',2,'YES');
INSERT INTO public_competence VALUES('PUB0033','B',1,'YES');
INSERT INTO public_competence VALUES('PUB0034','A',2,'YES');
INSERT INTO public_competence VALUES('PUB0035','C',3,'YES');
INSERT INTO public_competence VALUES('PUB0036','A',2,'YES');
INSERT INTO public_competence VALUES('PUB0037','A',2,'YES');
INSERT INTO public_competence VALUES('PUB0038','C',3,'YES');
INSERT INTO public_competence VALUES('PUB0039','C',3,'YES');
INSERT INTO public_competence VALUES('PUB0040','C',3,'YES');
INSERT INTO public_competence VALUES('PUB0041','A',2,'YES');
INSERT INTO public_competence VALUES('PUB0042','C',3,'YES');
INSERT INTO public_competence VALUES('PUB0043','B',1,'YES');
INSERT INTO public_competence VALUES('PUB0044','C',3,'YES');
INSERT INTO public_competence VALUES('PUB0045','C',3,'YES');
INSERT INTO public_competence VALUES('PUB0046','B',1,'YES');
INSERT INTO public_competence VALUES('PUB0047','A',2,'YES');
INSERT INTO public_competence VALUES('PUB0048','B',1,'YES');
INSERT INTO public_competence VALUES('PUB0049','B',1,'YES');
INSERT INTO public_competence VALUES('PUB0050','A',2,'YES');
INSERT INTO public_competence VALUES('PUB0051','B',1,'YES');
INSERT INTO public_competence VALUES('PUB0052','B',1,'YES');
INSERT INTO public_competence VALUES('PUB0053','B',1,'YES');
INSERT INTO public_competence VALUES('PUB0054','B',1,'YES');
INSERT INTO public_competence VALUES('PUB0055','A',2,'YES');
INSERT INTO public_competence VALUES('PUB0056','B',1,'YES');
INSERT INTO public_competence VALUES('PUB0057','C',3,'YES');



INSERT INTO house_applicants VALUES('PUB0011','CP0026','Under review','2020-5-8');
INSERT INTO house_applicants VALUES('PUB0011','CP006','Under review','2021-4-6');
INSERT INTO house_applicants VALUES('PUB0011','CP008','Under review','2019-1-18');
INSERT INTO house_applicants VALUES('PUB0012','CP0032','Under review','2019-8-27');
INSERT INTO house_applicants VALUES('PUB0013','CP009','Under review','2021-9-21');
INSERT INTO house_applicants VALUES('PUB0013','CP0030','Under review','2020-12-1');
INSERT INTO house_applicants VALUES('PUB0014','CP0028','Under review','2021-9-21');
INSERT INTO house_applicants VALUES('PUB0014','CP0012','Under review','2019-3-7');
INSERT INTO house_applicants VALUES('PUB0014','CP008','Under review','2020-8-12');
INSERT INTO house_applicants VALUES('PUB0015','CP0017','Under review','2021-6-27');
INSERT INTO house_applicants VALUES('PUB0015','CP006','Under review','2019-10-15');
INSERT INTO house_applicants VALUES('PUB0015','CP0011','Under review','2021-1-14');
INSERT INTO house_applicants VALUES('PUB0016','CP006','Under review','2021-1-4');
INSERT INTO house_applicants VALUES('PUB0016','CP0026','Under review','2021-2-2');
INSERT INTO house_applicants VALUES('PUB0016','CP0018','Under review','2019-9-11');
INSERT INTO house_applicants VALUES('PUB0017','CP0011','Under review','2020-11-24');
INSERT INTO house_applicants VALUES('PUB0018','CP0011','Under review','2020-12-2');
INSERT INTO house_applicants VALUES('PUB0018','CP0026','Under review','2021-11-23');
INSERT INTO house_applicants VALUES('PUB0018','CP006','Under review','2021-4-13');
INSERT INTO house_applicants VALUES('PUB0019','CP009','Under review','2020-5-3');
INSERT INTO house_applicants VALUES('PUB0019','CP008','Under review','2020-10-17');
INSERT INTO house_applicants VALUES('PUB0019','CP0032','Under review','2020-7-10');
INSERT INTO house_applicants VALUES('PUB0020','CP009','Under review','2020-10-17');
INSERT INTO house_applicants VALUES('PUB0021','CP0032','Under review','2019-11-9');
INSERT INTO house_applicants VALUES('PUB0021','CP0017','Under review','2021-7-2');
INSERT INTO house_applicants VALUES('PUB0022','CP0022','Under review','2020-12-27');
INSERT INTO house_applicants VALUES('PUB0022','CP0029','Under review','2020-11-10');
INSERT INTO house_applicants VALUES('PUB0023','CP0027','Under review','2021-10-15');
INSERT INTO house_applicants VALUES('PUB0024','CP0025','Under review','2019-1-17');
INSERT INTO house_applicants VALUES('PUB0024','CP007','Under review','2021-6-26');
INSERT INTO house_applicants VALUES('PUB0025','CP0031','Under review','2021-6-3');
INSERT INTO house_applicants VALUES('PUB0025','CP006','Under review','2019-12-1');
INSERT INTO house_applicants VALUES('PUB0026','CP0022','Under review','2020-10-11');
INSERT INTO house_applicants VALUES('PUB0026','CP0027','Under review','2020-8-23');
INSERT INTO house_applicants VALUES('PUB0027','CP0011','Under review','2019-11-17');
INSERT INTO house_applicants VALUES('PUB0027','CP008','Under review','2019-7-2');
INSERT INTO house_applicants VALUES('PUB0027','CP0010','Under review','2019-5-6');
INSERT INTO house_applicants VALUES('PUB0028','CP0013','Under review','2021-1-2');
INSERT INTO house_applicants VALUES('PUB0029','CP006','Under review','2019-1-26');
INSERT INTO house_applicants VALUES('PUB0030','CP0014','Under review','2021-8-8');
INSERT INTO house_applicants VALUES('PUB0030','CP009','Under review','2021-9-22');
INSERT INTO house_applicants VALUES('PUB0031','CP0022','Under review','2019-12-3');
INSERT INTO house_applicants VALUES('PUB0031','CP009','Under review','2021-1-19');
INSERT INTO house_applicants VALUES('PUB0031','CP0029','Under review','2019-5-10');
INSERT INTO house_applicants VALUES('PUB0032','CP0010','Under review','2019-1-19');
INSERT INTO house_applicants VALUES('PUB0032','CP0021','Under review','2019-1-2');
INSERT INTO house_applicants VALUES('PUB0033','CP0026','Under review','2020-2-17');
INSERT INTO house_applicants VALUES('PUB0033','CP0027','Under review','2021-11-7');
INSERT INTO house_applicants VALUES('PUB0033','CP007','Under review','2019-9-15');
INSERT INTO house_applicants VALUES('PUB0034','CP0029','Under review','2019-12-12');
INSERT INTO house_applicants VALUES('PUB0035','CP0031','Under review','2021-1-5');
INSERT INTO house_applicants VALUES('PUB0035','CP0021','Under review','2021-2-28');
INSERT INTO house_applicants VALUES('PUB0036','CP0012','Under review','2020-6-26');
INSERT INTO house_applicants VALUES('PUB0037','CP0027','Under review','2020-7-24');
INSERT INTO house_applicants VALUES('PUB0037','CP0011','Under review','2021-11-7');
INSERT INTO house_applicants VALUES('PUB0038','CP009','Under review','2019-6-4');
INSERT INTO house_applicants VALUES('PUB0038','CP0016','Under review','2020-12-8');
INSERT INTO house_applicants VALUES('PUB0038','CP0032','Under review','2021-12-5');
INSERT INTO house_applicants VALUES('PUB0039','CP0030','Under review','2019-2-17');
INSERT INTO house_applicants VALUES('PUB0039','CP0022','Under review','2020-8-1');
INSERT INTO house_applicants VALUES('PUB0040','CP0018','Under review','2021-7-8');
INSERT INTO house_applicants VALUES('PUB0040','CP0029','Under review','2019-3-1');
INSERT INTO house_applicants VALUES('PUB0041','CP0017','Under review','2021-12-16');
INSERT INTO house_applicants VALUES('PUB0041','CP0012','Under review','2020-9-8');
INSERT INTO house_applicants VALUES('PUB0042','CP0032','Under review','2021-12-11');
INSERT INTO house_applicants VALUES('PUB0043','CP0018','Under review','2021-12-7');
INSERT INTO house_applicants VALUES('PUB0043','CP0016','Under review','2020-2-21');
INSERT INTO house_applicants VALUES('PUB0044','CP007','Under review','2021-1-28');
INSERT INTO house_applicants VALUES('PUB0045','CP0022','Under review','2019-11-27');
INSERT INTO house_applicants VALUES('PUB0045','CP0026','Under review','2020-11-1');
INSERT INTO house_applicants VALUES('PUB0045','CP0011','Under review','2020-12-25');
INSERT INTO house_applicants VALUES('PUB0046','CP0011','Under review','2021-3-7');
INSERT INTO house_applicants VALUES('PUB0046','CP0030','Under review','2019-11-24');
INSERT INTO house_applicants VALUES('PUB0046','CP009','Under review','2019-10-16');
INSERT INTO house_applicants VALUES('PUB0047','CP0014','Under review','2020-5-14');
INSERT INTO house_applicants VALUES('PUB0048','CP0010','Under review','2020-4-9');
INSERT INTO house_applicants VALUES('PUB0049','CP0013','Under review','2020-11-28');
INSERT INTO house_applicants VALUES('PUB0050','CP009','Under review','2021-1-25');
INSERT INTO house_applicants VALUES('PUB0051','CP007','Under review','2019-7-22');
INSERT INTO house_applicants VALUES('PUB0052','CP0020','Under review','2021-7-14');
INSERT INTO house_applicants VALUES('PUB0052','CP0022','Under review','2020-5-24');
INSERT INTO house_applicants VALUES('PUB0052','CP0029','Under review','2019-5-20');
INSERT INTO house_applicants VALUES('PUB0053','CP0016','Under review','2020-10-9');
INSERT INTO house_applicants VALUES('PUB0054','CP0031','Under review','2019-1-5');
INSERT INTO house_applicants VALUES('PUB0055','CP0020','Under review','2019-8-16');
INSERT INTO house_applicants VALUES('PUB0056','CP0029','Under review','2019-7-28');
INSERT INTO house_applicants VALUES('PUB0057','CP0027','Under review','2021-9-2');


INSERT INTO house_applicants VALUES('PUB002','CP0033','Alloted','2021-01-12');
INSERT INTO house_applicants VALUES('PUB007','CP0033','Not alloted','2021-11-12');
INSERT INTO house_applicants VALUES('PUB0012','CP0033','Not alloted','2021-10-12');
INSERT INTO house_applicants VALUES('PUB003','CP0034','Alloted','2021-08-22');
INSERT INTO house_applicants VALUES('PUB006','CP0034','Not alloted','2021-06-22');
INSERT INTO house_applicants VALUES('PUB0016','CP0034','Not alloted','2021-04-12');
INSERT INTO house_applicants VALUES('PUB004','CP0035','Alloted','2021-11-02');
INSERT INTO house_applicants VALUES('PUB0014','CP0035','Not alloted','2021-01-02');
INSERT INTO house_applicants VALUES('PUB0017','CP0035','Not alloted','2021-11-15');
INSERT INTO house_applicants VALUES('PUB005','CP0036','Alloted','2021-01-02');
INSERT INTO house_applicants VALUES('PUB0015','CP0036','Not alloted','2021-05-13');
INSERT INTO house_applicants VALUES('PUB0019','CP0036','Not alloted','2021-01-17');
INSERT INTO house_applicants VALUES('PUB006','CP001','Alloted','2021-03-03');
INSERT INTO house_applicants VALUES('PUB0016','CP001','Not alloted','2021-06-13');
INSERT INTO house_applicants VALUES('PUB0011','CP001','Not alloted','2021-03-21');
INSERT INTO house_applicants VALUES('PUB007','CP002','Alloted','2021-05-12');
INSERT INTO house_applicants VALUES('PUB0017','CP002','Not alloted','2021-02-12');
INSERT INTO house_applicants VALUES('PUB0018','CP002','Not alloted','2021-05-26');
INSERT INTO house_applicants VALUES('PUB008','CP003','Alloted','2021-04-22');
INSERT INTO house_applicants VALUES('PUB0013','CP003','Not alloted','2021-04-23');
INSERT INTO house_applicants VALUES('PUB0014','CP003','Not alloted','2021-07-25');





    UPDATE `AVAAS2`.`houses_in_one_project` SET `owner_id` = 'PUB001', `assigned` = 'YES' WHERE (`project_id` = 'CP0032' AND `house_id` = 'HP001' );
    UPDATE `AVAAS2`.`houses_in_one_project` SET `owner_id` = 'PUB002', `assigned` = 'YES' WHERE (`project_id` = 'CP0033' AND `house_id` = 'HP001' );
    UPDATE `AVAAS2`.`houses_in_one_project` SET `owner_id` = 'PUB003', `assigned` = 'YES' WHERE (`project_id` = 'CP0034' AND `house_id` = 'HP001' );
    UPDATE `AVAAS2`.`houses_in_one_project` SET `owner_id` = 'PUB004', `assigned` = 'YES' WHERE (`project_id` = 'CP0035'AND `house_id` = 'HP001' );
    UPDATE `AVAAS2`.`houses_in_one_project` SET `owner_id` = 'PUB005', `assigned` = 'YES' WHERE (`project_id` = 'CP0036'AND `house_id` = 'HP001' );

    UPDATE `AVAAS2`.`houses_in_one_project` SET `owner_id` = 'PUB006', `assigned` = 'YES' WHERE (`project_id` = 'CP001' AND `house_id` = 'HP001' );
    UPDATE `AVAAS2`.`houses_in_one_project` SET `owner_id` = 'PUB007', `assigned` = 'YES' WHERE (`project_id` = 'CP002'AND `house_id` = 'HP001' );
    UPDATE `AVAAS2`.`houses_in_one_project` SET `owner_id` = 'PUB008', `assigned` = 'YES' WHERE (`project_id` = 'CP003' AND `house_id` = 'HP001' );
    UPDATE `AVAAS2`.`houses_in_one_project` SET `owner_id` = 'PUB009', `assigned` = 'YES' WHERE (`project_id` = 'CP0035' AND `house_id` = 'HP002' );
    UPDATE `AVAAS2`.`houses_in_one_project` SET `owner_id` = 'PUB0010', `assigned` = 'YES' WHERE (`project_id` = 'CP0036' AND `house_id` = 'HP002' );
    
    
    
    
    
    
INSERT INTO queries VALUES('QR001', 'CP001', 'PUB002', 'What is the carpet area?', '2020-08-14', 'NO');
INSERT INTO queries VALUES('QR002', 'CP001', 'PUB0047', 'How many bedrooms are there per flat?', '2020-04-26', 'YES');
INSERT INTO queries VALUES('QR003', 'CP001', 'PUB0034', 'Are all the bathrooms attached to the bedrooms?', '2020-05-28', 'NO');
INSERT INTO queries VALUES('QR001', 'CP002', 'PUB0057', 'What is the area of kitchen?', '2020-04-18', 'YES');
INSERT INTO queries VALUES('QR002', 'CP002', 'PUB0043', 'Is the kitchen open?', '2020-04-29', 'YES');
INSERT INTO queries VALUES('QR003', 'CP002', 'PUB0011', 'What will be the payment procedure?', '2020-05-05', 'NO');
INSERT INTO queries VALUES('QR001', 'CP003', 'PUB001', 'Is there any nearby hospital?', '2020-11-06', 'NO');
INSERT INTO queries VALUES('QR002', 'CP003', 'PUB0010', 'Are there any nearby schools and colleges?', '2020-07-11', 'YES');
INSERT INTO queries VALUES('QR003', 'CP003', 'PUB002', 'Is the kitchen modular?', '2020-11-13', 'NO');
INSERT INTO queries VALUES('QR001', 'CP004', 'PUB0035', 'Can we pay in instalments?', '2020-06-07', 'YES');
INSERT INTO queries VALUES('QR002', 'CP004', 'PUB0034', 'Is there parking available?', '2020-07-13', 'NO');
INSERT INTO queries VALUES('QR003', 'CP004', 'PUB0023', 'What will be the maintenance cost per month?', '2020-10-03', 'NO');
INSERT INTO queries VALUES('QR001', 'CP005', 'PUB0036', 'Are there any grocery stores nearby?', '2020-09-12', 'YES');
INSERT INTO queries VALUES('QR002', 'CP005', 'PUB0048', 'Is security offered 24/7?', '2020-11-01', 'NO');
INSERT INTO queries VALUES('QR003', 'CP005', 'PUB0048', 'Is there a swimming pool?If yes, is it included in the house cost?', '2020-09-27', 'YES');
INSERT INTO queries VALUES('QR001', 'CP006', 'PUB0031', 'Is the electricity supply consistent?', '2020-01-13', 'YES');
INSERT INTO queries VALUES('QR002', 'CP006', 'PUB0037', 'Are the balconies sun facing?', '2020-06-24', 'YES');
INSERT INTO queries VALUES('QR003', 'CP006', 'PUB0045', 'Are there any sport facilities?', '2020-08-04', 'YES');
INSERT INTO queries VALUES('QR001', 'CP007', 'PUB0032', 'Is there any gym? If yes, is it included in the house cost?', '2020-06-23', 'YES');
INSERT INTO queries VALUES('QR002', 'CP007', 'PUB0040', 'What is the material used for flooring?', '2020-10-23', 'YES');
INSERT INTO queries VALUES('QR003', 'CP007', 'PUB0051', 'Are the parking charges included?', '2020-05-22', 'YES');
INSERT INTO queries VALUES('QR001', 'CP008', 'PUB006', 'Is the water supply consistent?', '2020-12-09', 'YES');
INSERT INTO queries VALUES('QR002', 'CP008', 'PUB004', 'What is the material of pipes and wires used?', '2020-08-08', 'YES');
INSERT INTO queries VALUES('QR003', 'CP008', 'PUB0025', 'Are there both front and back balconies or just one?', '2020-06-25', 'YES');
INSERT INTO queries VALUES('QR001', 'CP009', 'PUB0041', 'What will be the payment procedure?', '2020-01-27', 'NO');
INSERT INTO queries VALUES('QR002', 'CP009', 'PUB0045', 'Is the water supply consistent?', '2020-06-24', 'YES');
INSERT INTO queries VALUES('QR003', 'CP009', 'PUB001', 'Is the kitchen open?', '2020-05-03', 'YES');
INSERT INTO queries VALUES('QR001', 'CP0010', 'PUB0041', 'Is there a swimming pool?If yes, is it included in the house cost?', '2020-10-27', 'NO');
INSERT INTO queries VALUES('QR002', 'CP0010', 'PUB007', 'Is there any gym? If yes, is it included in the house cost?', '2020-08-21', 'NO');
INSERT INTO queries VALUES('QR003', 'CP0010', 'PUB0032', 'Is there parking available?', '2020-05-12', 'YES');
INSERT INTO queries VALUES('QR001', 'CP0011', 'PUB0042', 'What will be the maintenance cost per month?', '2020-04-12', 'NO');
INSERT INTO queries VALUES('QR002', 'CP0011', 'PUB0014', 'What is the material used for flooring?', '2020-07-03', 'NO');
INSERT INTO queries VALUES('QR003', 'CP0011', 'PUB0056', 'Is the electricity supply consistent?', '2020-08-14', 'YES');
INSERT INTO queries VALUES('QR001', 'CP0012', 'PUB0053', 'Can we pay in instalments?', '2020-10-13', 'YES');
INSERT INTO queries VALUES('QR002', 'CP0012', 'PUB0039', 'Are the balconies sun facing?', '2020-10-05', 'NO');
INSERT INTO queries VALUES('QR003', 'CP0012', 'PUB0045', 'What is the material of pipes and wires used?', '2020-11-07', 'NO');
INSERT INTO queries VALUES('QR001', 'CP0013', 'PUB0051', 'Are all the bathrooms attached to the bedrooms?', '2020-11-11', 'YES');
INSERT INTO queries VALUES('QR002', 'CP0013', 'PUB004', 'Is there any nearby hospital?', '2020-11-06', 'YES');
INSERT INTO queries VALUES('QR003', 'CP0013', 'PUB0030', 'How many bedrooms are there per flat?', '2020-05-14', 'NO');
INSERT INTO queries VALUES('QR001', 'CP0014', 'PUB0022', 'Is the kitchen modular?', '2020-05-04', 'YES');
INSERT INTO queries VALUES('QR002', 'CP0014', 'PUB0049', 'Are the parking charges included?', '2020-06-10', 'NO');
INSERT INTO queries VALUES('QR003', 'CP0014', 'PUB007', 'Are there both front and back balconies or just one?', '2020-07-07', 'NO');
INSERT INTO queries VALUES('QR001', 'CP0015', 'PUB0011', 'Are there any sport facilities?', '2020-10-03', 'YES');
INSERT INTO queries VALUES('QR002', 'CP0015', 'PUB0048', 'Is security offered 24/7?', '2020-07-10', 'YES');
INSERT INTO queries VALUES('QR003', 'CP0015', 'PUB0050', 'Are there any nearby schools and colleges?', '2020-12-06', 'YES');
INSERT INTO queries VALUES('QR001', 'CP0016', 'PUB0044', 'Are there any grocery stores nearby?', '2020-09-14', 'YES');
INSERT INTO queries VALUES('QR002', 'CP0016', 'PUB0054', 'What is the area of kitchen?', '2020-04-30', 'NO');
INSERT INTO queries VALUES('QR003', 'CP0016','PUB0056', 'What is the carpet area?', '2020-07-26', 'NO');
INSERT INTO queries VALUES('QR001', 'CP0017', 'PUB0045', 'Are all the bathrooms attached to the bedrooms?', '2020-09-26', 'YES');
INSERT INTO queries VALUES('QR002', 'CP0017', 'PUB005', 'Can we pay in instalments?', '2020-11-29', 'YES');
INSERT INTO queries VALUES('QR003', 'CP0017', 'PUB007', 'What is the area of kitchen?', '2020-11-24', 'NO');
INSERT INTO queries VALUES('QR001', 'CP0018', 'PUB0044', 'Are the parking charges included?', '2020-08-17', 'NO');
INSERT INTO queries VALUES('QR002', 'CP0018', 'PUB0027', 'What is the material used for flooring?', '2020-08-18', 'YES');
INSERT INTO queries VALUES('QR003', 'CP0018', 'PUB0046', 'Are there any grocery stores nearby?', '2020-06-20', 'YES');
INSERT INTO queries VALUES('QR001', 'CP0019', 'PUB0035', 'Is there a swimming pool?If yes, is it included in the house cost?', '2020-01-13', 'YES');
INSERT INTO queries VALUES('QR002', 'CP0019', 'PUB0037', 'Is the water supply consistent?', '2020-06-04', 'YES');
INSERT INTO queries VALUES('QR003', 'CP0019', 'PUB0011', 'What will be the maintenance cost per month?', '2020-05-20', 'YES');
INSERT INTO queries VALUES('QR001', 'CP0020', 'PUB0053', 'Is the kitchen modular?', '2020-04-25', 'NO');
INSERT INTO queries VALUES('QR002', 'CP0020', 'PUB0049', 'Are the balconies sun facing?', '2020-03-12', 'YES');
INSERT INTO queries VALUES('QR003', 'CP0020', 'PUB0040', 'Is there any gym? If yes, is it included in the house cost?', '2020-08-09', 'NO');
INSERT INTO queries VALUES('QR001', 'CP0021', 'PUB0040', 'What will be the payment procedure?', '2020-03-12', 'NO');
INSERT INTO queries VALUES('QR002', 'CP0021', 'PUB0034', 'Is the kitchen open?', '2020-04-09', 'YES');
INSERT INTO queries VALUES('QR003', 'CP0021', 'PUB0053', 'Is security offered 24/7?', '2020-02-08', 'NO');
INSERT INTO queries VALUES('QR001', 'CP0022', 'PUB0049', 'Are there any sport facilities?', '2020-12-16', 'NO');
INSERT INTO queries VALUES('QR002', 'CP0022', 'PUB0046', 'What is the carpet area?', '2020-05-17', 'NO');
INSERT INTO queries VALUES('QR003', 'CP0022', 'PUB003', 'Are there any nearby schools and colleges?', '2020-01-09', 'NO');
INSERT INTO queries VALUES('QR001', 'CP0023', 'PUB0039', 'What is the material of pipes and wires used?', '2020-03-10', 'YES');
INSERT INTO queries VALUES('QR002', 'CP0023', 'PUB0032', 'Is there parking available?', '2020-08-17', 'YES');
INSERT INTO queries VALUES('QR003', 'CP0023', 'PUB005', 'Are there both front and back balconies or just one?', '2020-12-15', 'NO');
INSERT INTO queries VALUES('QR001', 'CP0024', 'PUB0019', 'How many bedrooms are there per flat?', '2020-09-26', 'YES');
INSERT INTO queries VALUES('QR002', 'CP0024', 'PUB0057', 'Is the electricity supply consistent?', '2020-10-01', 'NO');
INSERT INTO queries VALUES('QR003', 'CP0024', 'PUB0042', 'Is there any nearby hospital?', '2020-03-19', 'YES');
INSERT INTO queries VALUES('QR001', 'CP0025', 'PUB0050', 'Is the kitchen modular?', '2020-11-22', 'YES');
INSERT INTO queries VALUES('QR002', 'CP0025', 'PUB005', 'Is there parking available?', '2020-3-20', 'YES');
INSERT INTO queries VALUES('QR003', 'CP0025', 'PUB0037', 'Is there any gym? If yes, is it included in the house cost?', '2020-07-18', 'NO');
INSERT INTO queries VALUES('QR001', 'CP0026', 'PUB0011', 'Is security offered 24/7?', '2020-04-16', 'YES');
INSERT INTO queries VALUES('QR002', 'CP0026', 'PUB0038', 'Can we pay in instalments?', '2020-11-03', 'YES');
INSERT INTO queries VALUES('QR003', 'CP0026', 'PUB001', 'Are the balconies sun facing?', '2020-11-19', 'YES');
INSERT INTO queries VALUES('QR001', 'CP0027', 'PUB0052', 'Are the parking charges included?', '2020-04-09', 'YES');
INSERT INTO queries VALUES('QR002', 'CP0027', 'PUB0016', 'How many bedrooms are there per flat?', '2020-12-23', 'NO');
INSERT INTO queries VALUES('QR003', 'CP0027', 'PUB0026', 'Is the kitchen open?', '2020-12-22', 'YES');
INSERT INTO queries VALUES('QR001', 'CP0028', 'PUB0041', 'What will be the payment procedure?', '2020-07-10', 'NO');
INSERT INTO queries VALUES('QR002', 'CP0028', 'PUB0055', 'What is the material of pipes and wires used?', '2020-09-08', 'NO');
INSERT INTO queries VALUES('QR003', 'CP0028', 'PUB006', 'What is the carpet area?', '2020-08-28', 'NO');
INSERT INTO queries VALUES('QR001', 'CP0029', 'PUB0030', 'Are all the bathrooms attached to the bedrooms?', '2020-02-24', 'YES');
INSERT INTO queries VALUES('QR002', 'CP0029', 'PUB0022', 'Is there a swimming pool?If yes, is it included in the house cost?', '2020-04-27', 'YES');
INSERT INTO queries VALUES('QR003', 'CP0029', 'PUB0011', 'Are there any sport facilities?', '2020-09-16', 'YES');
INSERT INTO queries VALUES('QR001', 'CP0030', 'PUB0011', 'What is the area of kitchen?', '2020-02-03', 'NO');
INSERT INTO queries VALUES('QR002', 'CP0030', 'PUB0012', 'Are there both front and back balconies or just one?', '2020-05-07', 'YES');
INSERT INTO queries VALUES('QR003', 'CP0030', 'PUB006', 'What is the material used for flooring?', '2020-08-21', 'YES');
INSERT INTO queries VALUES('QR001', 'CP0031', 'PUB0034', 'Is there any nearby hospital?', '2020-07-13', 'YES');
INSERT INTO queries VALUES('QR002', 'CP0031', 'PUB0026', 'Is the water supply consistent?', '2020-09-05', 'YES');
INSERT INTO queries VALUES('QR003', 'CP0031', 'PUB0048', 'What will be the maintenance cost per month?', '2020-01-14', 'YES');
INSERT INTO queries VALUES('QR001', 'CP0032', 'PUB0022', 'Are there any grocery stores nearby?', '2020-05-10', 'NO');
INSERT INTO queries VALUES('QR002', 'CP0032', 'PUB0029', 'Is the electricity supply consistent?', '2020-03-10', 'YES');
INSERT INTO queries VALUES('QR003', 'CP0032', 'PUB0044', 'Are there any nearby schools and colleges?', '2020-04-02', 'YES');
INSERT INTO queries VALUES('QR001', 'CP0033', 'PUB0041', 'What will be the maintenance cost per month?', '2020-03-22', 'YES');
INSERT INTO queries VALUES('QR002', 'CP0033', 'PUB0041', 'Is the electricity supply consistent?', '2020-04-11', 'NO');
INSERT INTO queries VALUES('QR003', 'CP0033', 'PUB0056', 'Are there any sport facilities?', '2020-12-17', 'NO');
INSERT INTO queries VALUES('QR001', 'CP0034', 'PUB0050', 'Is the kitchen open?', '2020-02-08', 'YES');
INSERT INTO queries VALUES('QR002', 'CP0034', 'PUB0047', 'Is there any gym? If yes, is it included in the house cost?', '2020-01-16', 'YES');
INSERT INTO queries VALUES('QR003', 'CP0034', 'PUB0049', 'Are all the bathrooms attached to the bedrooms?', '2020-10-05', 'YES');
INSERT INTO queries VALUES('QR001', 'CP0035', 'PUB0047', 'What is the area of kitchen?', '2020-10-14', 'NO');
INSERT INTO queries VALUES('QR002', 'CP0035', 'PUB0033', 'Is the kitchen modular?', '2020-12-05', 'NO');
INSERT INTO queries VALUES('QR003', 'CP0035', 'PUB0037', 'Is security offered 24/7?', '2020-01-09', 'YES');
INSERT INTO queries VALUES('QR001', 'CP0036', 'PUB003', 'Are there any nearby schools and colleges?', '2020-05-07', 'YES');
INSERT INTO queries VALUES('QR002', 'CP0036', 'PUB0038', 'What will be the payment procedure?', '2020-11-15', 'NO');
INSERT INTO queries VALUES('QR003', 'CP0036', 'PUB0019', 'What is the material used for flooring?', '2020-01-30', 'NO');
INSERT INTO queries VALUES('QR001', 'CP0037', 'PUB0031', 'Is the water supply consistent?', '2020-07-27', 'YES');
INSERT INTO queries VALUES('QR002', 'CP0037', 'PUB0033', 'What is the carpet area?', '2020-08-26', 'YES');
INSERT INTO queries VALUES('QR003', 'CP0037', 'PUB0026', 'Can we pay in instalments?', '2020-01-12', 'YES');
INSERT INTO queries VALUES('QR001', 'CP0038', 'PUB0049', 'Is there a swimming pool?If yes, is it included in the house cost?', '2020-11-18', 'NO');
INSERT INTO queries VALUES('QR002', 'CP0038', 'PUB0044', 'Is there any nearby hospital?', '2020-09-07', 'NO');
INSERT INTO queries VALUES('QR003', 'CP0038', 'PUB003', 'What is the material of pipes and wires used?', '2020-10-27', 'NO');
INSERT INTO queries VALUES('QR001', 'CP0039', 'PUB0023', 'Are the balconies sun facing?', '2020-07-04', 'YES');
INSERT INTO queries VALUES('QR002', 'CP0039', 'PUB0043', 'Is there parking available?', '2020-12-01', 'YES');
INSERT INTO queries VALUES('QR003', 'CP0039', 'PUB002', 'How many bedrooms are there per flat?', '2020-05-13', 'YES');
INSERT INTO queries VALUES('QR001', 'CP0040', 'PUB0036', 'Are there both front and back balconies or just one?', '2020-02-25', 'NO');
INSERT INTO queries VALUES('QR002', 'CP0040', 'PUB0038', 'Are the parking charges included?', '2020-02-12', 'YES');
INSERT INTO queries VALUES('QR003', 'CP0040', 'PUB0029', 'Are there any grocery stores nearby?', '2020-11-11', 'NO');




INSERT INTO reviews VALUES('RW001', 'PUB001', 'CP0032', 9, 'My office is in cuber hub, which is in gurgaon, I have never seen such security precautions anywhere else. Whenever I had any concern regarding my parking or building or security issues, they have one stop email address and they resolve their query in a single working day. I have observed that several times');
INSERT INTO reviews VALUES('RW001', 'PUB002', 'CP0033', 2, 'The project is looting people, 5k non-refundable shift in + 5k shift out charges, only triple play broadband, needs supermarket is expensive, the staff is not cooperative they are only interested to collect money from not bothered to provide you the services.');
INSERT INTO reviews VALUES('RW001', 'PUB003', 'CP0034', 8, 'I came with my wife, the staff is very corporative & helpful. Cleaned and nice apartment. Definitely recommend this to others.');
INSERT INTO reviews VALUES('RW001', 'PUB004', 'CP0035', 7, 'Even though the apartment was spacious and kitchen is equipped which is also the main point. Staff was very good and helpful. They made one watsapp group, which is very rare to see in hospitality industry. Infact it is also good if I had some points I just texted then they revert me very quickly. ');
INSERT INTO reviews VALUES('RW001', 'PUB005', 'CP0036', 8, ' It is very beautifull and attractive. Nice infrastracture .. I live in Sec-29, every thing is near by like police station, metro, hospital, malls, school, parks, kingdom of dreams is also their etc. ');
INSERT INTO reviews VALUES('RW001', 'PUB006', 'CP001', 9, 'Best project in the area, upto 1cr 4bhk - Mnimum 2000k sq ft');
INSERT INTO reviews VALUES('RW001', 'PUB007', 'CP002', 8, 'The staff (Ravi and Satish) were nice and well mannered. Provided help whenever asked with prompt action. My mother and sister stayed for a week and the location is pretty peaceful and well connected opposite to Galleria market ');
INSERT INTO reviews VALUES('RW001', 'PUB008', 'CP003', 5, 'The kitchen could b made more systematic. E.g. the microwave was kept on the fridge and opening the door was a pain. Similarly there was 1 garbage for wet and dry. Good to keep them separate ');
INSERT INTO reviews VALUES('RW002', 'PUB009', 'CP0035', 7, 'There is a fully equipped kitchen which is very rare to see in all others apartments, which is so helpful for main course cooking and it is more than a boring hotel room and we can find nearby grocery stores and many other good spots, over all wonderful experience.');
INSERT INTO reviews VALUES('RW002', 'PUB0010', 'CP0036', 6, 'The staff is very attentive they give a quick response to your queries. The problem is with their parking facility they charge to much for parking and do not give liberty for extra two minutes.');





-- Added just 1 loan for the time being
INSERT INTO Loans VALUES('LN001','Joykirat Singh', 'Allahabad Bank', 'FICT0052','BNK001', 10.00, '2020-05-22', 2.00, 0.00, 2);
INSERT INTO Loans VALUES('LN001','Abhinav Dhawan', 'Axis Bank', 'FICT0053','BNK002', 10.00, '2020-04-24', 1.25, 0.10,  3);
INSERT INTO Loans VALUES('LN001','Yuvraj', 'Bank of India', 'FICT0054', 'BNK003', 23.00,'2020-04-25', 3.25, 0.20,  4);
INSERT INTO Loans VALUES('LN001','Parth Gupta','Catholic Syrian Bank Ltd.', 'FICT0055', 'BNK004', 23.00, '2020-12-14', 1.20, 0.10, 2);
INSERT INTO Loans VALUES('LN001','Rohan', 'City Union Bank', 'FICT0056', 'BNK005', 14.00,'2020-05-01',2.25, 0.00, 3);
INSERT INTO Loans VALUES('LN001','Soham Das','Dena Bank', 'FICT0057', 'BNK006', 12.00, '2020-07-20',3.50, 1.00,  4);
INSERT INTO Loans VALUES('LN001','Utkarsh Gupta', 'DBS Bank','FICT0058', 'BNK007', 13.00, '2020-02-12',4.25, 0.50, 2);
INSERT INTO Loans VALUES('LN001','Khushi', 'HSBC Bank','FICT0059', 'BNK008',9.00, '2020-05-21', 3.00, 0.25, 3);
INSERT INTO Loans VALUES('LN001','Surbhit', 'American Express', 'FICT0060', 'BNK009', 12.00, '2020-03-21', 3.50, 0.00, 4);
INSERT INTO Loans VALUES('LN001','Ayushman Pandita','Bandhan Bank', 'FICT0061', 'BNK0010', 17.00, '2020-07-29', 4.10, 0.20, 2);


INSERT INTO Loans VALUES('LN001','M/s. KCP Projects Ltd.', 'Bank of Maharashtra', 'FICT005','BNK0011', 13.00, '2020-01-01',42.00, 2.00,  5 );
INSERT INTO Loans VALUES('LN001','M/s. KMV Projects Limited', 'Central Bank of India', 'FICT004','BNK0012', 16.00, '2020-02-24', 54.00, 3.00,  6 );
INSERT INTO Loans VALUES('LN001','M/s Jain Infraprojects Limited', 'Corporation Bank', 'FICT0030', 'BNK0013', 15.00,'2020-03-15', 73.00, 4.00,  5);
INSERT INTO Loans VALUES('LN001','M/s. Patel Engineering Ltd.' ,'Deutsche Bank', 'FICT0011', 'BNK0014', 16.00, '2020-02-21', 89.00, 5.00, 7);
INSERT INTO Loans VALUES('LN001','M/s Hindustan Construction Co. Ltd.','Federal Bank',  'FICT0015', 'BNK0015', 17.00,'2020-05-11', 62.00, 3.00, 6);

INSERT INTO loan_applicants VALUES('L53', 'FICT0010', 'Sanctioned', '2015-01-01'); 
INSERT INTO loan_applicants VALUES('L54', 'FICT0014', 'Sanctioned', '2015-02-04');
INSERT INTO loan_applicants VALUES('L55', 'FICT003', 'Sanctioned', '2015-03-05');
INSERT INTO loan_applicants VALUES('L56', 'FICT0025', 'Sanctioned', '2015-04-07');
INSERT INTO loan_applicants VALUES('L57', 'FICT0030', 'Sanctioned', '2015-05-11');
INSERT INTO loan_applicants VALUES('L58', 'FICT0023', 'Sanctioned', '2015-06-13');

INSERT INTO Transactions VALUES('T1', '2015-02-02', 'FICT0010', 'FICT0051', 14.70 ,'loan_payment');
INSERT INTO Transactions VALUES('T2', '2015-03-02', 'FICT0010', 'FICT0051', 14.70 ,'loan_payment');
INSERT INTO Transactions VALUES('T3', '2015-04-02', 'FICT0010', 'FICT0051', 14.70 ,'loan_payment');
INSERT INTO Transactions VALUES('T4', '2015-05-02', 'FICT0010', 'FICT0051', 14.70 ,'loan_payment');
INSERT INTO Transactions VALUES('T5', '2015-06-02', 'FICT0010', 'FICT0051', 14.70 ,'loan_payment');
INSERT INTO Transactions VALUES('T1', '2015-03-02', 'FICT0014', 'FICT0051', 12.37,'loan_payment');
INSERT INTO Transactions VALUES('T2', '2015-04-02', 'FICT0014', 'FICT0051', 12.37,'loan_payment');
INSERT INTO Transactions VALUES('T3', '2015-05-02', 'FICT0014', 'FICT0051', 12.37,'loan_payment');
INSERT INTO Transactions VALUES('T4', '2015-06-02', 'FICT0014', 'FICT0051', 12.37,'loan_payment');
INSERT INTO Transactions VALUES('T5', '2015-07-02', 'FICT0014', 'FICT0051', 12.37,'loan_payment');
INSERT INTO Transactions VALUES('T1', '2015-04-12', 'FICT003', 'FICT0051', 27.53 ,'loan_payment');
INSERT INTO Transactions VALUES('T2', '2015-05-12', 'FICT003', 'FICT0051', 27.53 ,'loan_payment');
INSERT INTO Transactions VALUES('T3', '2015-06-12', 'FICT003', 'FICT0051', 27.53 ,'loan_payment');
INSERT INTO Transactions VALUES('T4', '2015-07-12', 'FICT003', 'FICT0051', 27.53 ,'loan_payment');
INSERT INTO Transactions VALUES('T5', '2015-08-12', 'FICT003', 'FICT0051', 27.53 ,'loan_payment');
INSERT INTO Transactions VALUES('T1', '2015-05-12', 'FICT0025', 'FICT0050', 10.56 ,'loan_payment');
INSERT INTO Transactions VALUES('T2', '2015-06-12', 'FICT0025', 'FICT0050', 10.56 ,'loan_payment');
INSERT INTO Transactions VALUES('T3', '2015-07-12', 'FICT0025', 'FICT0050', 10.56 ,'loan_payment');
INSERT INTO Transactions VALUES('T4', '2015-08-12', 'FICT0025', 'FICT0050', 10.56 ,'loan_payment');
INSERT INTO Transactions VALUES('T5', '2015-09-12', 'FICT0025', 'FICT0050', 10.56 ,'loan_payment');
INSERT INTO Transactions VALUES('T1', '2015-06-25', 'FICT0030', 'FICT0050', 21.56 ,'loan_payment');
INSERT INTO Transactions VALUES('T2', '2015-07-25', 'FICT0030', 'FICT0050', 21.56 ,'loan_payment');
INSERT INTO Transactions VALUES('T3', '2015-08-25', 'FICT0030', 'FICT0050', 21.56 ,'loan_payment');
INSERT INTO Transactions VALUES('T4', '2015-09-25', 'FICT0030', 'FICT0050', 21.56 ,'loan_payment');
INSERT INTO Transactions VALUES('T5', '2015-10-25', 'FICT0030', 'FICT0050', 21.56 ,'loan_payment');
INSERT INTO Transactions VALUES('T1', '2015-07-23', 'FICT0023', 'FICT0050', 19.68 ,'loan_payment');
INSERT INTO Transactions VALUES('T2', '2015-08-23', 'FICT0023', 'FICT0050', 19.68 ,'loan_payment');
INSERT INTO Transactions VALUES('T3', '2015-09-23', 'FICT0023', 'FICT0050', 19.68 ,'loan_payment');
INSERT INTO Transactions VALUES('T4', '2015-10-23', 'FICT0023', 'FICT0050', 19.68 ,'loan_payment');
INSERT INTO Transactions VALUES('T5', '2015-11-23', 'FICT0023', 'FICT0050', 19.68 ,'loan_payment');






    INSERT INTO Transactions VALUES('T1', '2020-06-23', 'FICT0053', 'FICT0033', 0.03, 'loan_payment');
    INSERT INTO Transactions VALUES('T2', '2020-06-29', 'FICT0053', 'FICT0033', 0.03, 'loan_payment');
    INSERT INTO Transactions VALUES('T3', '2020-07-12', 'FICT0053', 'FICT0033', 0.03, 'loan_payment');

    INSERT INTO Transactions VALUES('T1', '2020-05-25', 'FICT0054', 'FICT0034', 0.07, 'loan_payment');
    INSERT INTO Transactions VALUES('T2', '2020-06-25', 'FICT0054', 'FICT0034', 0.07, 'loan_payment');
    INSERT INTO Transactions VALUES('T3', '2020-07-25', 'FICT0054', 'FICT0034', 0.07, 'loan_payment');

    INSERT INTO Transactions VALUES('T1', '2021-01-14', 'FICT0055', 'FICT0035', 0.03, 'loan_payment');
    INSERT INTO Transactions VALUES('T2', '2021-01-29', 'FICT0055', 'FICT0035', 0.03, 'loan_payment');
    INSERT INTO Transactions VALUES('T3', '2021-02-05', 'FICT0055', 'FICT0035', 0.03, 'loan_payment');

    INSERT INTO Transactions VALUES('T1', '2020-08-21', 'FICT0057', 'FICT0037', 0.33, 'loan_payment');
    INSERT INTO Transactions VALUES('T2', '2020-09-14', 'FICT0057', 'FICT0037', 0.33, 'loan_payment');
    INSERT INTO Transactions VALUES('T3', '2020-10-01', 'FICT0057', 'FICT0037', 0.33, 'loan_payment');

    INSERT INTO Transactions VALUES('T1', '2020-03-13', 'FICT0058', 'FICT0038', 0.17, 'loan_payment');
    INSERT INTO Transactions VALUES('T2', '2020-03-23', 'FICT0058', 'FICT0038', 0.17, 'loan_payment');
    INSERT INTO Transactions VALUES('T3', '2020-04-12', 'FICT0058', 'FICT0038', 0.17, 'loan_payment');

    INSERT INTO Transactions VALUES('T1', '2020-06-05', 'FICT0059', 'FICT0039', 0.08, 'loan_payment');
    INSERT INTO Transactions VALUES('T2', '2020-06-23', 'FICT0059', 'FICT0039', 0.08, 'loan_payment');
    INSERT INTO Transactions VALUES('T3', '2020-07-13', 'FICT0059', 'FICT0039', 0.08, 'loan_payment');



    INSERT INTO Transactions VALUES('T1', '2020-07-05', 'FICT0061', 'FICT0041', 0.06, 'loan_payment');
    INSERT INTO Transactions VALUES('T2', '2020-07-23', 'FICT0061', 'FICT0041', 0.06, 'loan_payment');
    INSERT INTO Transactions VALUES('T3', '2020-08-13', 'FICT0061', 'FICT0041', 0.08, 'loan_payment');




















    INSERT INTO Transactions VALUES('T1', '2020-05-30', 'FICT0061', 'FICT00114', 4.1, 'general');
    INSERT INTO Transactions VALUES('T1', '2020-05-30', 'FICT0060', 'FICT00114', 3.5, 'general');
    INSERT INTO Transactions VALUES('T1', '2020-05-30', 'FICT0059', 'FICT00110', 3.00, 'general');
    INSERT INTO Transactions VALUES('T1', '2020-05-30', 'FICT0058', 'FICT00110', 4.25, 'general');
    INSERT INTO Transactions VALUES('T1', '2020-05-30', 'FICT0057', 'FICT00109', 3.5, 'general');
    INSERT INTO Transactions VALUES('T1', '2020-05-30', 'FICT0056', 'FICT00114', 2.25, 'general');
    INSERT INTO Transactions VALUES('T1', '2020-05-30', 'FICT0055', 'FICT00114', 1.20, 'general');
    INSERT INTO Transactions VALUES('T1', '2020-05-30', 'FICT0054', 'FICT00111', 3.25, 'general');
    INSERT INTO Transactions VALUES('T1', '2020-05-30', 'FICT0053', 'FICT00110', 1.25, 'general');
    INSERT INTO Transactions VALUES('T1', '2020-05-30', 'FICT0052', 'FICT00109', 2.0, 'general');





    INSERT INTO Transactions VALUES('T1', '2020-05-28', 'FICT0041' , 'FICT0061',  4.1, 'general');
    INSERT INTO Transactions VALUES('T1', '2020-05-28', 'FICT0040' , 'FICT0060',  3.5, 'general');
    INSERT INTO Transactions VALUES('T1', '2020-05-28','FICT0039', 'FICT0059',  3.00, 'general');
    INSERT INTO Transactions VALUES('T1', '2020-05-28','FICT0038',  'FICT0058',4.25, 'general');
    INSERT INTO Transactions VALUES('T1', '2020-05-28', 'FICT0037','FICT0057',  3.5, 'general');
    INSERT INTO Transactions VALUES('T1', '2020-05-28', 'FICT0036' , 'FICT0056',  2.25, 'general');
    INSERT INTO Transactions VALUES('T1', '2020-05-28','FICT0035'  , 'FICT0055',  1.20, 'general');
    INSERT INTO Transactions VALUES('T1', '2020-05-28', 'FICT0034','FICT0054',  3.25, 'general');
    INSERT INTO Transactions VALUES('T1', '2020-05-28', 'FICT0033','FICT0053',  1.25, 'general');
    INSERT INTO Transactions VALUES('T1', '2020-05-28', 'FICT0032','FICT0052',  2.0, 'general');























    INSERT INTO Transactions VALUES('T1', '2020-07-05', 'FICT005', 'FICT0043', 0.6, 'loan_payment');
    INSERT INTO Transactions VALUES('T2', '2020-07-23', 'FICT005', 'FICT0043', 0.6, 'loan_payment');
    INSERT INTO Transactions VALUES('T3', '2020-08-13', 'FICT005', 'FICT0043', 0.8, 'loan_payment');

    INSERT INTO Transactions VALUES('T1', '2020-07-05', 'FICT004', 'FICT0044', 1, 'loan_payment');
    INSERT INTO Transactions VALUES('T2', '2020-07-23', 'FICT004', 'FICT0044', 1, 'loan_payment');
    INSERT INTO Transactions VALUES('T3', '2020-08-13', 'FICT004', 'FICT0044', 1, 'loan_payment');

    INSERT INTO Transactions VALUES('T1', '2020-07-05', 'FICT0030', 'FICT0045', 1, 'loan_payment');
    INSERT INTO Transactions VALUES('T2', '2020-07-23', 'FICT0030', 'FICT0045', 1, 'loan_payment');
    INSERT INTO Transactions VALUES('T3', '2020-08-13', 'FICT0030', 'FICT0045', 2, 'loan_payment');

    INSERT INTO Transactions VALUES('T1', '2020-07-05', 'FICT0011', 'FICT0046', 2, 'loan_payment');
    INSERT INTO Transactions VALUES('T2', '2020-07-23', 'FICT0011', 'FICT0046', 1, 'loan_payment');
    INSERT INTO Transactions VALUES('T3', '2020-08-13', 'FICT0011', 'FICT0046', 2, 'loan_payment');

    INSERT INTO Transactions VALUES('T1', '2020-07-05', 'FICT0015', 'FICT0042', 1, 'loan_payment');
    INSERT INTO Transactions VALUES('T2', '2020-07-23', 'FICT0015', 'FICT0042', 1, 'loan_payment');
    INSERT INTO Transactions VALUES('T3', '2020-08-13', 'FICT0015', 'FICT0042', 1, 'loan_payment');

    INSERT INTO Transactions VALUES('T1', '2020-06-13', 'FICT00113', 'FICT005', 42, 'general');
    INSERT INTO Transactions VALUES('T1', '2020-06-13', 'FICT00112','FICT004',  54, 'general');
    INSERT INTO Transactions VALUES('T1', '2020-06-13', 'FICT00115','FICT0030',  73, 'general');
    INSERT INTO Transactions VALUES('T1', '2020-06-13','FICT00109', 'FICT0011',  89, 'general');
    INSERT INTO Transactions VALUES('T1', '2020-06-13', 'FICT00112', 'FICT0015',  62, 'general');





